molecule,energy_eV,sigma_a0_2
Ethanal,25.0,11.687763463179667
Ethanal,25.75,12.116307663401098
Ethanal,26.5,12.540357126391553
Ethanal,27.25,12.964406589382008
Ethanal,28.0,13.388456052372465
Ethanal,28.75,13.81250551536292
Ethanal,29.5,14.23220702060773
Ethanal,30.25,14.591037117413485
Ethanal,31.0,14.901730517373993
Ethanal,31.75,15.208985581845555
Ethanal,32.5,15.516240646317115
Ethanal,33.25,15.823495710788675
Ethanal,34.0,16.130750775260235
Ethanal,34.75,16.431654831240504
Ethanal,35.5,16.713323121727402
Ethanal,36.25,16.983483213289286
Ethanal,37.0,17.253643304851174
Ethanal,37.75,17.523803396413054
Ethanal,38.5,17.79396348797494
Ethanal,39.25,18.064123579536822
Ethanal,40.0,18.345808789970633
Ethanal,40.75,18.643001183139916
Ethanal,41.5,18.94486481293003
Ethanal,42.25,19.246728442720144
Ethanal,43.0,19.548592072510253
Ethanal,43.75,19.850455702300366
Ethanal,44.5,20.152319332090478
Ethanal,45.25,20.3850470659419
Ethanal,46.0,20.574396079706542
Ethanal,46.75,20.756035667868414
Ethanal,47.5,20.937675256030285
Ethanal,48.25,21.119314844192157
Ethanal,49.0,21.30095443235403
Ethanal,49.75,21.482594020515897
Ethanal,50.5,21.597872987744765
Ethanal,51.25,21.69620956325405
Ethanal,52.0,21.792097751337092
Ethanal,52.75,21.88798593942013
Ethanal,53.5,21.983874127503167
Ethanal,54.25,22.079790026678598
Ethanal,55.0,22.175833948683092
Ethanal,55.75,22.272118369120435
Ethanal,56.5,22.368402789557777
Ethanal,57.25,22.46468720999512
Ethanal,58.0,22.560971630432462
Ethanal,58.75,22.657256050869808
Ethanal,59.5,22.75147570144491
Ethanal,60.25,22.83572165089793
Ethanal,61.0,22.901057097946964
Ethanal,61.75,22.966392544995998
Ethanal,62.5,23.031727992045028
Ethanal,63.25,23.09706343909406
Ethanal,64.0,23.16239888614309
Ethanal,64.75,23.227734333192124
Ethanal,65.5,23.27462856735707
Ethanal,66.25,23.30023198563582
Ethanal,67.0,23.325405115877242
Ethanal,67.75,23.350578246118662
Ethanal,68.5,23.375751376360085
Ethanal,69.25,23.400924506601505
Ethanal,70.0,23.426996158527583
Ethanal,70.75,23.454059578151337
Ethanal,71.5,23.481506566413348
Ethanal,72.25,23.508953554675358
Ethanal,73.0,23.53640054293737
Ethanal,73.75,23.563847531199382
Ethanal,74.5,23.591294519461393
Ethanal,75.25,23.634077699696004
Ethanal,76.0,23.68299532155983
Ethanal,76.75,23.732856703674297
Ethanal,77.5,23.782718085788765
Ethanal,78.25,23.832579467903237
Ethanal,79.0,23.882440850017705
Ethanal,79.75,23.92144744123645
Ethanal,80.5,23.915589291083098
Ethanal,81.25,23.889493051880677
Ethanal,82.0,23.863396812678253
Ethanal,82.75,23.83730057347583
Ethanal,83.5,23.81120433427341
Ethanal,84.25,23.78546055605438
Ethanal,85.0,23.78304517503503
Ethanal,85.75,23.815159784774487
Ethanal,86.5,23.84727439451394
Ethanal,87.25,23.87938900425339
Ethanal,88.0,23.911503613992846
Ethanal,88.75,23.943618223732297
Ethanal,89.5,23.97573283347175
Ethanal,90.25,23.99938584879307
Ethanal,91.0,24.014861967561046
Ethanal,91.75,24.027439990777108
Ethanal,92.5,24.04001801399317
Ethanal,93.25,24.052596037209234
Ethanal,94.0,24.065174060425296
Ethanal,94.75,24.07775208364136
Ethanal,95.5,24.078781595742168
Ethanal,96.25,24.07460061595415
Ethanal,97.0,24.06925795411113
Ethanal,97.75,24.063915292268106
Ethanal,98.5,24.058572630425083
Ethanal,99.25,24.053229968582063
Ethanal,100.0,24.047887306739035
Propanal,25.0,16.934360381980035
Propanal,25.75,17.481789386594002
Propanal,26.5,18.01734338965925
Propanal,27.25,18.552897392724496
Propanal,28.0,19.088451395789743
Propanal,28.75,19.62400539885499
Propanal,29.5,20.156435006252654
Propanal,30.25,20.645123074304156
Propanal,31.0,21.080741567408797
Propanal,31.75,21.512569376588658
Propanal,32.5,21.94439718576852
Propanal,33.25,22.376224994948384
Propanal,34.0,22.808052804128245
Propanal,34.75,23.217017127691765
Propanal,35.5,23.55673313450686
Propanal,36.25,23.8550198878494
Propanal,37.0,24.153306641191943
Propanal,37.75,24.451593394534484
Propanal,38.5,24.749880147877025
Propanal,39.25,25.04816690121957
Propanal,40.0,25.341994922189844
Propanal,40.75,25.62876745977384
Propanal,41.5,25.91162041886476
Propanal,42.25,26.194473377955678
Propanal,43.0,26.477326337046595
Propanal,43.75,26.760179296137515
Propanal,44.5,27.043032255228432
Propanal,45.25,27.301079941275262
Propanal,46.0,27.540320651525384
Propanal,46.75,27.773957564910177
Propanal,47.5,28.007594478294973
Propanal,48.25,28.24123139167976
Propanal,49.0,28.474868305064554
Propanal,49.75,28.702774654550115
Propanal,50.5,28.904499293783037
Propanal,51.25,29.102195977592476
Propanal,52.0,29.29989266140191
Propanal,52.75,29.497589345211345
Propanal,53.5,29.695286029020785
Propanal,54.25,29.89260876244208
Propanal,55.0,30.087061509951937
Propanal,55.75,30.262275676437717
Propanal,56.5,30.437489842923497
Propanal,57.25,30.61270400940927
Propanal,58.0,30.787918175895047
Propanal,58.75,30.963132342380828
Propanal,59.5,31.132012882361973
Propanal,60.25,31.284503086740266
Propanal,61.0,31.418046077542293
Propanal,61.75,31.551589068344324
Propanal,62.5,31.68513205914635
Propanal,63.25,31.81867504994838
Propanal,64.0,31.952218040750406
Propanal,64.75,32.08260036179929
Propanal,65.5,32.203517765156676
Propanal,66.25,32.31602624905953
Propanal,67.0,32.42853473296239
Propanal,67.75,32.54104321686524
Propanal,68.5,32.6535517007681
Propanal,69.25,32.766060184670955
Propanal,70.0,32.87828900188626
Propanal,70.75,32.97433630148297
Propanal,71.5,33.06232780060633
Propanal,72.25,33.150319299729695
Propanal,73.0,33.23831079885306
Propanal,73.75,33.32630229797642
Propanal,74.5,33.41429379709978
Propanal,75.25,33.501594608212855
Propanal,76.0,33.58845768581712
Propanal,76.75,33.67525341980463
Propanal,77.5,33.76204915379215
Propanal,78.25,33.84884488777966
Propanal,79.0,33.935640621767185
Propanal,79.75,34.020500068886335
Propanal,80.5,34.09747377162314
Propanal,81.25,34.172479117636286
Propanal,82.0,34.24748446364943
Propanal,82.75,34.32248980966257
Propanal,83.5,34.39749515567571
Propanal,84.25,34.47250050168886
Propanal,85.0,34.52555391663026
Propanal,85.75,34.535295094280066
Propanal,86.5,34.516479335048935
Propanal,87.25,34.497663575817796
Propanal,88.0,34.47884781658666
Propanal,88.75,34.46003205735552
Propanal,89.5,34.44121629812438
Propanal,90.25,34.45128542469629
Propanal,91.0,34.482170834702615
Propanal,91.75,34.51483875087929
Propanal,92.5,34.54750666705597
Propanal,93.25,34.58017458323264
Propanal,94.0,34.612842499409325
Propanal,94.75,34.645510415586
Propanal,95.5,34.650441657593035
Propanal,96.25,34.64082471655193
Propanal,97.0,34.627400768257964
Propanal,97.75,34.613976819963995
Propanal,98.5,34.600552871670025
Propanal,99.25,34.58785647648577
Propanal,100.0,34.57988917651461
Butanal,25.0,21.181113394526264
Butanal,25.75,21.940621850138353
Butanal,26.5,22.68854711326212
Butanal,27.25,23.43647237638589
Butanal,28.0,24.184397639509655
Butanal,28.75,24.932322902633423
Butanal,29.5,25.66648057858204
Butanal,30.25,26.207892034078537
Butanal,31.0,26.652210897119282
Butanal,31.75,27.08959457498462
Butanal,32.5,27.526978252849958
Butanal,33.25,27.96436193071529
Butanal,34.0,28.40174560858063
Butanal,34.75,28.84663513261361
Butanal,35.5,29.314787170329666
Butanal,36.25,29.79997854673902
Butanal,37.0,30.285169923148377
Butanal,37.75,30.770361299557738
Butanal,38.5,31.255552675967095
Butanal,39.25,31.738967006004717
Butanal,40.0,32.19219013842467
Butanal,40.75,32.61226298508861
Butanal,41.5,33.03233583175256
Butanal,42.25,33.4524086784165
Butanal,43.0,33.87248152508044
Butanal,43.75,34.29255437174438
Butanal,44.5,34.710551284322506
Butanal,45.25,35.05285260453932
Butanal,46.0,35.3575656203362
Butanal,46.75,35.66227863613308
Butanal,47.5,35.966991651929966
Butanal,48.25,36.271704667726844
Butanal,49.0,36.57641768352373
Butanal,49.75,36.85081818064598
Butanal,50.5,37.052740037655
Butanal,51.25,37.2435113346466
Butanal,52.0,37.43428263163819
Butanal,52.75,37.62505392862979
Butanal,53.5,37.81582522562139
Butanal,54.25,38.006140568670666
Butanal,55.0,38.1936703999919
Butanal,55.75,38.36773648789009
Butanal,56.5,38.541802575788275
Butanal,57.25,38.71586866368646
Butanal,58.0,38.88993475158464
Butanal,58.75,39.06400083948283
Butanal,59.5,39.236927302888574
Butanal,60.25,39.40612542420078
Butanal,61.0,39.5697715557871
Butanal,61.75,39.73341768737341
Butanal,62.5,39.89706381895973
Butanal,63.25,40.060709950546055
Butanal,64.0,40.224356082132374
Butanal,64.75,40.38566566243628
Butanal,65.5,40.49844395574388
Butanal,66.25,40.557538150604195
Butanal,67.0,40.6166323454645
Butanal,67.75,40.67572654032481
Butanal,68.5,40.734820735185124
Butanal,69.25,40.79391493004543
Butanal,70.0,40.859119261146766
Butanal,70.75,40.93889550589096
Butanal,71.5,41.02519394042646
Butanal,72.25,41.11149237496196
Butanal,73.0,41.19779080949747
Butanal,73.75,41.28408924403298
Butanal,74.5,41.37038767856848
Butanal,75.25,41.42850445840272
Butanal,76.0,41.47792712178454
Butanal,76.75,41.526012228789064
Butanal,77.5,41.57409733579358
Butanal,78.25,41.62218244279811
Butanal,79.0,41.67026754980263
Butanal,79.75,41.72072554909506
Butanal,80.5,41.780914259747334
Butanal,81.25,41.844450961315076
Butanal,82.0,41.907987662882825
Butanal,82.75,41.971524364450566
Butanal,83.5,42.03506106601831
Butanal,84.25,42.09859776758606
Butanal,85.0,42.145810843150414
Butanal,85.75,42.164810626108874
Butanal,86.5,42.17355881166512
Butanal,87.25,42.18230699722136
Butanal,88.0,42.19105518277761
Butanal,88.75,42.199803368333846
Butanal,89.5,42.20855155389009
Butanal,90.25,42.221938961799026
Butanal,91.0,42.2402078659174
Butanal,91.75,42.2605209772445
Butanal,92.5,42.280834088571595
Butanal,93.25,42.301147199898686
Butanal,94.0,42.32146031122578
Butanal,94.75,42.34177342255287
Butanal,95.5,42.37174740195524
Butanal,96.25,42.40491217012251
Butanal,97.0,42.43846472416282
Butanal,97.75,42.47201727820313
Butanal,98.5,42.50556983224344
Butanal,99.25,42.537682497820306
Butanal,100.0,42.56043588838481
2-Methylpropanal,25.0,22.84779338846259
2-Methylpropanal,25.75,23.623696450291014
2-Methylpropanal,26.5,24.39609669726871
2-Methylpropanal,27.25,25.168496944246403
2-Methylpropanal,28.0,25.9408971912241
2-Methylpropanal,28.75,26.713297438201796
2-Methylpropanal,29.5,27.47376579780597
2-Methylpropanal,30.25,28.067187734180905
2-Methylpropanal,31.0,28.637441537614222
2-Methylpropanal,31.75,29.206040474408855
2-Methylpropanal,32.5,29.774639411203488
2-Methylpropanal,33.25,30.34323834799812
2-Methylpropanal,34.0,30.911837284792753
2-Methylpropanal,34.75,31.469889348680972
2-Methylpropanal,35.5,31.99763510904437
2-Methylpropanal,36.25,32.516915249698485
2-Methylpropanal,37.0,33.03619539035259
2-Methylpropanal,37.75,33.5554755310067
2-Methylpropanal,38.5,34.07475567166081
2-Methylpropanal,39.25,34.59403581231492
2-Methylpropanal,40.0,35.072720951673716
2-Methylpropanal,40.75,35.50126523432802
2-Methylpropanal,41.5,35.922316377962616
2-Methylpropanal,42.25,36.34336752159721
2-Methylpropanal,43.0,36.7644186652318
2-Methylpropanal,43.75,37.18546980886641
2-Methylpropanal,44.5,37.58954419202429
2-Methylpropanal,45.25,37.8939426319003
2-Methylpropanal,46.0,38.15062519519497
2-Methylpropanal,46.75,38.40730775848963
2-Methylpropanal,47.5,38.6639903217843
2-Methylpropanal,48.25,38.920672885078964
2-Methylpropanal,49.0,39.17735544837363
2-Methylpropanal,49.75,39.4340380116683
2-Methylpropanal,50.5,39.616217779277605
2-Methylpropanal,51.25,39.78690515571713
2-Methylpropanal,52.0,39.95758146939199
2-Methylpropanal,52.75,40.12825778306686
2-Methylpropanal,53.5,40.298934096741725
2-Methylpropanal,54.25,40.464861904072514
2-Methylpropanal,55.0,40.60990944963729
2-Methylpropanal,55.75,40.7285496857464
2-Methylpropanal,56.5,40.8471899218555
2-Methylpropanal,57.25,40.965830157964604
2-Methylpropanal,58.0,41.084470394073705
2-Methylpropanal,58.75,41.203110630182806
2-Methylpropanal,59.5,41.32452864151756
2-Methylpropanal,60.25,41.455035166495115
2-Methylpropanal,61.0,41.599076781184586
2-Methylpropanal,61.75,41.743118395874056
2-Methylpropanal,62.5,41.88716001056352
2-Methylpropanal,63.25,42.031201625253004
2-Methylpropanal,64.0,42.175243239942475
2-Methylpropanal,64.75,42.30756789373215
2-Methylpropanal,65.5,42.423564961574634
2-Methylpropanal,66.25,42.52982913949637
2-Methylpropanal,67.0,42.63609331741811
2-Methylpropanal,67.75,42.742357495339846
2-Methylpropanal,68.5,42.84862167326158
2-Methylpropanal,69.25,42.95488585118333
2-Methylpropanal,70.0,43.06072542236824
2-Methylpropanal,70.75,43.141997243090074
2-Methylpropanal,71.5,43.211038264422456
2-Methylpropanal,72.25,43.28007928575484
2-Methylpropanal,73.0,43.34912030708722
2-Methylpropanal,73.75,43.41816132841959
2-Methylpropanal,74.5,43.487202349751975
2-Methylpropanal,75.25,43.54630548414852
2-Methylpropanal,76.0,43.5957347225043
2-Methylpropanal,76.75,43.64367566916149
2-Methylpropanal,77.5,43.69161661581868
2-Methylpropanal,78.25,43.73955756247587
2-Methylpropanal,79.0,43.78749850913307
2-Methylpropanal,79.75,43.83040632815385
2-Methylpropanal,80.5,43.8530508963702
2-Methylpropanal,81.25,43.87386510096319
2-Methylpropanal,82.0,43.89467930555616
2-Methylpropanal,82.75,43.91549351014914
2-Methylpropanal,83.5,43.93630771474213
2-Methylpropanal,84.25,43.95712191933511
2-Methylpropanal,85.0,43.98448385161109
2-Methylpropanal,85.75,44.02277120985655
2-Methylpropanal,86.5,44.06409411282575
2-Methylpropanal,87.25,44.105417015794956
2-Methylpropanal,88.0,44.146739918764155
2-Methylpropanal,88.75,44.18806282173336
2-Methylpropanal,89.5,44.22938572470256
2-Methylpropanal,90.25,44.25666189532299
2-Methylpropanal,91.0,44.27310911533024
2-Methylpropanal,91.75,44.28788266404533
2-Methylpropanal,92.5,44.302656212760404
2-Methylpropanal,93.25,44.31742976147547
2-Methylpropanal,94.0,44.33220331019056
2-Methylpropanal,94.75,44.342897190207275
2-Methylpropanal,95.5,44.32888994217462
2-Methylpropanal,96.25,44.308780263356375
2-Methylpropanal,97.0,44.288670584538124
2-Methylpropanal,97.75,44.26856090571988
2-Methylpropanal,98.5,44.248451226901636
2-Methylpropanal,99.25,44.228341548083385
2-Methylpropanal,100.0,44.20823186926514
Ethoxyethane,25.0,24.779793345052017
Ethoxyethane,25.75,25.5659376582368
Ethoxyethane,26.5,26.324058258496333
Ethoxyethane,27.25,27.082178858755867
Ethoxyethane,28.0,27.8402994590154
Ethoxyethane,28.75,28.598420059274936
Ethoxyethane,29.5,29.354284230018923
Ethoxyethane,30.25,30.07855838754529
Ethoxyethane,31.0,30.756546945658823
Ethoxyethane,31.75,31.43122938952858
Ethoxyethane,32.5,32.10591183339834
Ethoxyethane,33.25,32.780594277268094
Ethoxyethane,34.0,33.45527672113786
Ethoxyethane,34.75,34.06644137508307
Ethoxyethane,35.5,34.497505161463984
Ethoxyethane,36.25,34.89329380357813
Ethoxyethane,37.0,35.28908244569228
Ethoxyethane,37.75,35.684871087806435
Ethoxyethane,38.5,36.080659729920576
Ethoxyethane,39.25,36.47644837203473
Ethoxyethane,40.0,36.86357943532875
Ethoxyethane,40.75,37.238668142095555
Ethoxyethane,41.5,37.609460887396786
Ethoxyethane,42.25,37.980253632698016
Ethoxyethane,43.0,38.35104637799923
Ethoxyethane,43.75,38.72183912330046
Ethoxyethane,44.5,39.092631868601686
Ethoxyethane,45.25,39.458007364172175
Ethoxyethane,46.0,39.818646795792446
Ethoxyethane,46.75,40.17751221821348
Ethoxyethane,47.5,40.536377640634505
Ethoxyethane,48.25,40.89524306305554
Ethoxyethane,49.0,41.25410848547657
Ethoxyethane,49.75,41.61035746602197
Ethoxyethane,50.5,41.88740972204322
Ethoxyethane,51.25,42.15227786659923
Ethoxyethane,52.0,42.41714601115523
Ethoxyethane,52.75,42.68201415571124
Ethoxyethane,53.5,42.946882300267234
Ethoxyethane,54.25,43.2117932234979
Ethoxyethane,55.0,43.477659988321825
Ethoxyethane,55.75,43.75451292966986
Ethoxyethane,56.5,44.0313658710179
Ethoxyethane,57.25,44.30821881236592
Ethoxyethane,58.0,44.585071753713954
Ethoxyethane,58.75,44.861924695061994
Ethoxyethane,59.5,45.134514757124805
Ethoxyethane,60.25,45.390120304597765
Ethoxyethane,61.0,45.61660281400017
Ethoxyethane,61.75,45.84308532340258
Ethoxyethane,62.5,46.06956783280499
Ethoxyethane,63.25,46.2960503422074
Ethoxyethane,64.0,46.52253285160981
Ethoxyethane,64.75,46.73777762166502
Ethoxyethane,65.5,46.929609139479545
Ethoxyethane,66.25,47.10324474185498
Ethoxyethane,67.0,47.27688034423042
Ethoxyethane,67.75,47.45051594660586
Ethoxyethane,68.5,47.624151548981295
Ethoxyethane,69.25,47.79778715135674
Ethoxyethane,70.0,47.95790316087075
Ethoxyethane,70.75,48.07945665801618
Ethoxyethane,71.5,48.18341884808498
Ethoxyethane,72.25,48.28738103815378
Ethoxyethane,73.0,48.39134322822258
Ethoxyethane,73.75,48.49530541829139
Ethoxyethane,74.5,48.599267608360186
Ethoxyethane,75.25,48.73314163924407
Ethoxyethane,76.0,48.88926034316546
Ethoxyethane,76.75,49.048801304477244
Ethoxyethane,77.5,49.20834226578903
Ethoxyethane,78.25,49.367883227100805
Ethoxyethane,79.0,49.527424188412596
Ethoxyethane,79.75,49.67661572333943
Ethoxyethane,80.5,49.778669385729415
Ethoxyethane,81.25,49.800360710160156
Ethoxyethane,82.0,49.8220520345909
Ethoxyethane,82.75,49.84374335902163
Ethoxyethane,83.5,49.86543468345237
Ethoxyethane,84.25,49.887126007883104
Ethoxyethane,85.0,49.92477165843797
Ethoxyethane,85.75,49.99286549176845
Ethoxyethane,86.5,50.078880232469835
Ethoxyethane,87.25,50.16489497317122
Ethoxyethane,88.0,50.25090971387261
Ethoxyethane,88.75,50.336924454573996
Ethoxyethane,89.5,50.422939195275376
Ethoxyethane,90.25,50.492100072008235
Ethoxyethane,91.0,50.54702622517968
Ethoxyethane,91.75,50.59852516206648
Ethoxyethane,92.5,50.65002409895327
Ethoxyethane,93.25,50.70152303584006
Ethoxyethane,94.0,50.75302197272686
Ethoxyethane,94.75,50.80452090961366
Ethoxyethane,95.5,50.79863639538982
Ethoxyethane,96.25,50.762710268843065
Ethoxyethane,97.0,50.71893626752368
Ethoxyethane,97.75,50.675162266204296
Ethoxyethane,98.5,50.631388264884905
Ethoxyethane,99.25,50.58761426356552
Ethoxyethane,100.0,50.543840262246135
Propoxypropane,25.0,32.22953098004563
Propoxypropane,25.75,33.10792292210392
Propoxypropane,26.5,33.90512570597861
Propoxypropane,27.25,34.70232848985331
Propoxypropane,28.0,35.499531273727996
Propoxypropane,28.75,36.2967340576027
Propoxypropane,29.5,37.094814570793226
Propoxypropane,30.25,37.90518329440558
Propoxypropane,31.0,38.743716862818985
Propoxypropane,31.75,39.58426220586104
Propoxypropane,32.5,40.4248075489031
Propoxypropane,33.25,41.26535289194514
Propoxypropane,34.0,42.105898234987194
Propoxypropane,34.75,42.909762901410026
Propoxypropane,35.5,43.606713400977725
Propoxypropane,36.25,44.26438891055545
Propoxypropane,37.0,44.92206442013319
Propoxypropane,37.75,45.57973992971092
Propoxypropane,38.5,46.237415439288654
Propoxypropane,39.25,46.89509094886638
Propoxypropane,40.0,47.544368231472895
Propoxypropane,40.75,48.177742218742104
Propoxypropane,41.5,48.79850556269949
Propoxypropane,42.25,49.419268906656875
Propoxypropane,43.0,50.04003225061427
Propoxypropane,43.75,50.66079559457166
Propoxypropane,44.5,51.281558938529045
Propoxypropane,45.25,51.84394721853674
Propoxypropane,46.0,52.34325221758765
Propoxypropane,46.75,52.81289843627935
Propoxypropane,47.5,53.28254465497105
Propoxypropane,48.25,53.75219087366275
Propoxypropane,49.0,54.22183709235444
Propoxypropane,49.75,54.66427082356307
Propoxypropane,50.5,54.948460751897734
Propoxypropane,51.25,55.20830547979025
Propoxypropane,52.0,55.468150207682754
Propoxypropane,52.75,55.72799493557526
Propoxypropane,53.5,55.987839663467774
Propoxypropane,54.25,56.24768439136029
Propoxypropane,55.0,56.5065472455645
Propoxypropane,55.75,56.75166386813254
Propoxypropane,56.5,56.992515134892834
Propoxypropane,57.25,57.23306173338115
Propoxypropane,58.0,57.47360833186946
Propoxypropane,58.75,57.714154930357765
Propoxypropane,59.5,57.94830950348754
Propoxypropane,60.25,58.16354226926307
Propoxypropane,61.0,58.35310716941832
Propoxypropane,61.75,58.54267206957358
Propoxypropane,62.5,58.732236969728824
Propoxypropane,63.25,58.92180186988408
Propoxypropane,64.0,59.11136677003933
Propoxypropane,64.75,59.29595377174858
Propoxypropane,65.5,59.468334814731925
Propoxypropane,66.25,59.63055887513024
Propoxypropane,67.0,59.79278293552855
Propoxypropane,67.75,59.955006995926865
Propoxypropane,68.5,60.11723105632519
Propoxypropane,69.25,60.279455116723504
Propoxypropane,70.0,60.43172723320206
Propoxypropane,70.75,60.55561631134209
Propoxypropane,71.5,60.66655786330284
Propoxypropane,72.25,60.777499415263584
Propoxypropane,73.0,60.88844096722434
Propoxypropane,73.75,60.9993825191851
Propoxypropane,74.5,61.11032407114584
Propoxypropane,75.25,61.21980731940482
Propoxypropane,76.0,61.326775334495444
Propoxypropane,76.75,61.43335639063708
Propoxypropane,77.5,61.53993744677872
Propoxypropane,78.25,61.64651850292037
Propoxypropane,79.0,61.75309955906201
Propoxypropane,79.75,61.856558137537554
Propoxypropane,80.5,61.94638678965338
Propoxypropane,81.25,62.02025522203454
Propoxypropane,82.0,62.09412365441571
Propoxypropane,82.75,62.16799208679687
Propoxypropane,83.5,62.24186051917803
Propoxypropane,84.25,62.315728951559194
Propoxypropane,85.0,62.38427319313949
Propoxypropane,85.75,62.44378797139871
Propoxypropane,86.5,62.50043401257861
Propoxypropane,87.25,62.5570800537585
Propoxypropane,88.0,62.613726094938386
Propoxypropane,88.75,62.67037213611828
Propoxypropane,89.5,62.72701817729817
Propoxypropane,90.25,62.798852480504934
Propoxypropane,91.0,62.88559171801957
Propoxypropane,91.75,62.97779315700842
Propoxypropane,92.5,63.06999459599727
Propoxypropane,93.25,63.16219603498612
Propoxypropane,94.0,63.254397473974976
Propoxypropane,94.75,63.34659891296383
Propoxypropane,95.5,63.37653885473386
Propoxypropane,96.25,63.388560803919134
Propoxypropane,97.0,63.399406443964395
Propoxypropane,97.75,63.410252084009656
Propoxypropane,98.5,63.42109772405491
Propoxypropane,99.25,63.43255060799354
Propoxypropane,100.0,63.44795057723903
2-Isopropoxypropane,25.0,35.904049380805326
2-Isopropoxypropane,25.75,37.066173228202075
2-Isopropoxypropane,26.5,38.161689133954454
2-Isopropoxypropane,27.25,39.25720503970683
2-Isopropoxypropane,28.0,40.35272094545921
2-Isopropoxypropane,28.75,41.44823685121159
2-Isopropoxypropane,29.5,42.53582748909718
2-Isopropoxypropane,30.25,43.51246437684784
2-Isopropoxypropane,31.0,44.381434537636835
2-Isopropoxypropane,31.75,45.24271421792858
2-Isopropoxypropane,32.5,46.103993898220324
2-Isopropoxypropane,33.25,46.96527357851207
2-Isopropoxypropane,34.0,47.82655325880381
2-Isopropoxypropane,34.75,48.63557253849162
2-Isopropoxypropane,35.5,49.296410599985165
2-Isopropoxypropane,36.25,49.92822540401127
2-Isopropoxypropane,37.0,50.560040208037385
2-Isopropoxypropane,37.75,51.19185501206349
2-Isopropoxypropane,38.5,51.823669816089605
2-Isopropoxypropane,39.25,52.44018132645018
2-Isopropoxypropane,40.0,52.937821429696655
2-Isopropoxypropane,40.75,53.31126814855791
2-Isopropoxypropane,41.5,53.68471486741917
2-Isopropoxypropane,42.25,54.05816158628042
2-Isopropoxypropane,43.0,54.43160830514167
2-Isopropoxypropane,43.75,54.80505502400294
2-Isopropoxypropane,44.5,55.178501742864185
2-Isopropoxypropane,45.25,55.559720564347366
2-Isopropoxypropane,46.0,55.949338344223904
2-Isopropoxypropane,46.75,56.34290491779755
2-Isopropoxypropane,47.5,56.73647149137119
2-Isopropoxypropane,48.25,57.130038064944834
2-Isopropoxypropane,49.0,57.523604638518485
2-Isopropoxypropane,49.75,57.917419795386884
2-Isopropoxypropane,50.5,58.31875928631335
2-Isopropoxypropane,51.25,58.72125636709492
2-Isopropoxypropane,52.0,59.12375344787648
2-Isopropoxypropane,52.75,59.52625052865804
2-Isopropoxypropane,53.5,59.9287476094396
2-Isopropoxypropane,54.25,60.330960524752584
2-Isopropoxypropane,55.0,60.72682057986697
2-Isopropoxypropane,55.75,61.04965385844137
2-Isopropoxypropane,56.5,61.372487137015774
2-Isopropoxypropane,57.25,61.69532041559018
2-Isopropoxypropane,58.0,62.01815369416459
2-Isopropoxypropane,58.75,62.34098697273899
2-Isopropoxypropane,59.5,62.65885616829019
2-Isopropoxypropane,60.25,62.962030581297974
2-Isopropoxypropane,61.0,63.24527118478208
2-Isopropoxypropane,61.75,63.52851178826618
2-Isopropoxypropane,62.5,63.8117523917503
2-Isopropoxypropane,63.25,64.0949929952344
2-Isopropoxypropane,64.0,64.37823359871851
2-Isopropoxypropane,64.75,64.65057708706496
2-Isopropoxypropane,65.5,64.89057036767532
2-Isopropoxypropane,66.25,65.10189454621603
2-Isopropoxypropane,67.0,65.31321872475672
2-Isopropoxypropane,67.75,65.52454290329744
2-Isopropoxypropane,68.5,65.73586708183815
2-Isopropoxypropane,69.25,65.94719126037884
2-Isopropoxypropane,70.0,66.15110887066167
2-Isopropoxypropane,70.75,66.34142677420814
2-Isopropoxypropane,71.5,66.52587064541866
2-Isopropoxypropane,72.25,66.71031451662918
2-Isopropoxypropane,73.0,66.8947583878397
2-Isopropoxypropane,73.75,67.07880840982521
2-Isopropoxypropane,74.5,67.26029841184824
2-Isopropoxypropane,75.25,67.41473405060542
2-Isopropoxypropane,76.0,67.5691696893626
2-Isopropoxypropane,76.75,67.72360532811979
2-Isopropoxypropane,77.5,67.87804096687697
2-Isopropoxypropane,78.25,68.03247660563414
2-Isopropoxypropane,79.0,68.18691224439132
2-Isopropoxypropane,79.75,68.33122210848306
2-Isopropoxypropane,80.5,68.43379253069374
2-Isopropoxypropane,81.25,68.51905414783428
2-Isopropoxypropane,82.0,68.60431576497486
2-Isopropoxypropane,82.75,68.68957738211543
2-Isopropoxypropane,83.5,68.77483899925599
2-Isopropoxypropane,84.25,68.86010061639656
2-Isopropoxypropane,85.0,68.92882171641968
2-Isopropoxypropane,85.75,68.97115285503509
2-Isopropoxypropane,86.5,69.00914123288878
2-Isopropoxypropane,87.25,69.04712961074247
2-Isopropoxypropane,88.0,69.08511798859615
2-Isopropoxypropane,88.75,69.12310636644985
2-Isopropoxypropane,89.5,69.16109474430354
2-Isopropoxypropane,90.25,69.20739730805333
2-Isopropoxypropane,91.0,69.26185926184851
2-Isopropoxypropane,91.75,69.31931161501282
2-Isopropoxypropane,92.5,69.37676396817714
2-Isopropoxypropane,93.25,69.43421632134147
2-Isopropoxypropane,94.0,69.49166867450577
2-Isopropoxypropane,94.75,69.54902172681614
2-Isopropoxypropane,95.5,69.59520120479841
2-Isopropoxypropane,96.25,69.63858906242818
2-Isopropoxypropane,97.0,69.68197692005795
2-Isopropoxypropane,97.75,69.72536477768773
2-Isopropoxypropane,98.5,69.76875263531751
2-Isopropoxypropane,99.25,69.81154731905833
2-Isopropoxypropane,100.0,69.85048637252092
Propanone,25.0,15.137128233944756
Propanone,25.75,15.66237172303475
Propanone,26.5,16.172523714475354
Propanone,27.25,16.682675705915955
Propanone,28.0,17.192827697356556
Propanone,28.75,17.702979688797157
Propanone,29.5,18.206748518771906
Propanone,30.25,18.62115308822474
Propanone,31.0,18.97907011051203
Propanone,31.75,19.332952308001783
Propanone,32.5,19.686834505491536
Propanone,33.25,20.040716702981285
Propanone,34.0,20.39459890047104
Propanone,34.75,20.74838616277314
Propanone,35.5,21.101264534762223
Propanone,36.25,21.44993208619591
Propanone,37.0,21.7985996376296
Propanone,37.75,22.147267189063285
Propanone,38.5,22.495934740496974
Propanone,39.25,22.844602291930666
Propanone,40.0,23.169022984086244
Propanone,40.75,23.460094602558144
Propanone,41.5,23.73988946629837
Propanone,42.25,24.019684330038594
Propanone,43.0,24.29947919377882
Propanone,43.75,24.57927405751904
Propanone,44.5,24.85906892125927
Propanone,45.25,25.125918655616744
Propanone,46.0,25.36923691125418
Propanone,46.75,25.597628617116534
Propanone,47.5,25.826020322978888
Propanone,48.25,26.05441202884124
Propanone,49.0,26.282803734703595
Propanone,49.75,26.508885743447593
Propanone,50.5,26.72026213622607
Propanone,51.25,26.929376126548316
Propanone,52.0,27.13849011687056
Propanone,52.75,27.3476041071928
Propanone,53.5,27.55671809751505
Propanone,54.25,27.765832087837293
Propanone,55.0,27.973252292020874
Propanone,55.75,28.156959490263166
Propanone,56.5,28.339855962788278
Propanone,57.25,28.52269452633359
Propanone,58.0,28.7055330898789
Propanone,58.75,28.888371653424212
Propanone,59.5,29.06702975464165
Propanone,60.25,29.223579020085566
Propanone,61.0,29.33657339425481
Propanone,61.75,29.449567768424053
Propanone,62.5,29.5625621425933
Propanone,63.25,29.675556516762544
Propanone,64.0,29.78855089093179
Propanone,64.75,29.901545265101035
Propanone,65.5,30.009855822264747
Propanone,66.25,30.111830912214156
Propanone,67.0,30.21184093517615
Propanone,67.75,30.31185095813814
Propanone,68.5,30.41186098110013
Propanone,69.25,30.511871004062122
Propanone,70.0,30.603412007051855
Propanone,70.75,30.68863578567829
Propanone,71.5,30.771759579619616
Propanone,72.25,30.85488337356095
Propanone,73.0,30.938007167502278
Propanone,73.75,31.021130961443607
Propanone,74.5,31.104254755384936
Propanone,75.25,31.180981826650985
Propanone,76.0,31.2546154231179
Propanone,76.75,31.327773100384952
Propanone,77.5,31.400930777652
Propanone,78.25,31.47408845491905
Propanone,79.0,31.547246132186093
Propanone,79.75,31.613033717927646
Propanone,80.5,31.64728886288312
Propanone,81.25,31.65281496226148
Propanone,82.0,31.65834106163984
Propanone,82.75,31.663867161018203
Propanone,83.5,31.669393260396564
Propanone,84.25,31.674919359774925
Propanone,85.0,31.683825256645132
Propanone,85.75,31.70225265975288
Propanone,86.5,31.732922540359983
Propanone,87.25,31.763592420967086
Propanone,88.0,31.79426230157419
Propanone,88.75,31.824932182181293
Propanone,89.5,31.855602062788396
Propanone,90.25,31.883118442472295
Propanone,91.0,31.90768195909704
Propanone,91.75,31.93127344245281
Propanone,92.5,31.95486492580858
Propanone,93.25,31.97845640916435
Propanone,94.0,32.002047892520125
Propanone,94.75,32.0256393758759
Propanone,95.5,32.03176938691106
Propanone,96.25,32.03235760122939
Propanone,97.0,32.03235760122939
Propanone,97.75,32.03235760122939
Propanone,98.5,32.03235760122939
Propanone,99.25,32.03316356244492
Propanone,100.0,32.03920827156135
Butanone,25.0,21.01603714967542
Butanone,25.75,21.832464286285898
Butanone,26.5,22.619089666987268
Butanone,27.25,23.40571504768864
Butanone,28.0,24.192340428390015
Butanone,28.75,24.978965809091388
Butanone,29.5,25.76417525953659
Butanone,30.25,26.529561686395397
Butanone,31.0,27.263809124777453
Butanone,31.75,27.995832349696887
Butanone,32.5,28.72785557461632
Butanone,33.25,29.45987879953575
Butanone,34.0,30.191902024455185
Butanone,34.75,30.89836370125817
Butanone,35.5,31.519516229182795
Butanone,36.25,32.04307196197964
Butanone,37.0,32.566627694776486
Butanone,37.75,33.090183427573336
Butanone,38.5,33.61373916037019
Butanone,39.25,34.13729489316704
Butanone,40.0,34.55563256567771
Butanone,40.75,34.84738062530325
Butanone,41.5,35.12644788266982
Butanone,42.25,35.40551514003639
Butanone,43.0,35.684582397402956
Butanone,43.75,35.96364965476952
Butanone,44.5,36.24271691213608
Butanone,45.25,36.494886171300855
Butanone,46.0,36.724960674744956
Butanone,46.75,36.947470141146766
Butanone,47.5,37.169979607548576
Butanone,48.25,37.39248907395039
Butanone,49.0,37.6149985403522
Butanone,49.75,37.8369258684443
Butanone,50.5,37.99582558482647
Butanone,51.25,38.14502874556096
Butanone,52.0,38.294231906295444
Butanone,52.75,38.44343506702994
Butanone,53.5,38.59263822776443
Butanone,54.25,38.74184138849892
Butanone,55.0,38.89134631461447
Butanone,55.75,39.045075956064856
Butanone,56.5,39.19986760729577
Butanone,57.25,39.35473511636816
Butanone,58.0,39.50960262544055
Butanone,58.75,39.66447013451294
Butanone,59.5,39.81793564195523
Butanone,60.25,39.96398650925419
Butanone,61.0,40.09543037288315
Butanone,61.75,40.22687423651211
Butanone,62.5,40.35831810014106
Butanone,63.25,40.48976196377002
Butanone,64.0,40.621205827398974
Butanone,64.75,40.75264969102793
Butanone,65.5,40.88856872053137
Butanone,66.25,41.03001817211116
Butanone,67.0,41.172299517273444
Butanone,67.75,41.314580862435726
Butanone,68.5,41.456862207598
Butanone,69.25,41.599143552760275
Butanone,70.0,41.73207912045751
Butanone,70.75,41.85350353177645
Butanone,71.5,41.97034058708936
Butanone,72.25,42.087177642402274
Butanone,73.0,42.204014697715195
Butanone,73.75,42.32085175302811
Butanone,74.5,42.437688808341015
Butanone,75.25,42.539017230089875
Butanone,76.0,42.630845776860745
Butanone,76.75,42.72121280440423
Butanone,77.5,42.81157983194771
Butanone,78.25,42.9019468594912
Butanone,79.0,42.99231388703468
Butanone,79.75,43.079987413699335
Butanone,80.5,43.15498880571084
Butanone,81.25,43.203416361794005
Butanone,82.0,43.25184391787717
Butanone,82.75,43.30027147396032
Butanone,83.5,43.348699030043484
Butanone,84.25,43.397033671290295
Butanone,85.0,43.43575650236832
Butanone,85.75,43.46018356891587
Butanone,86.5,43.484610635463426
Butanone,87.25,43.50903770201097
Butanone,88.0,43.53346476855853
Butanone,88.75,43.55789183510608
Butanone,89.5,43.582318901653636
Butanone,90.25,43.61601954114524
Butanone,91.0,43.65919539060871
Butanone,91.75,43.70613447208265
Butanone,92.5,43.753073553556604
Butanone,93.25,43.80001263503054
Butanone,94.0,43.846951716504485
Butanone,94.75,43.88150001221619
Butanone,95.5,43.8739430358907
Butanone,96.25,43.85608100558737
Butanone,97.0,43.83821897528404
Butanone,97.75,43.820356944980716
Butanone,98.5,43.80249491467739
Butanone,99.25,43.78751789669336
Butanone,100.0,43.79129345878477
Pentan-2-one,25.0,25.188976630907533
Pentan-2-one,25.75,26.055271544943043
Pentan-2-one,26.5,26.900922735212124
Pentan-2-one,27.25,27.7465739254812
Pentan-2-one,28.0,28.592225115750285
Pentan-2-one,28.75,29.43787630601937
Pentan-2-one,29.5,30.27568757386169
Pentan-2-one,30.25,31.00373992772939
Pentan-2-one,31.0,31.644422544107588
Pentan-2-one,31.75,32.27886446495082
Pentan-2-one,32.5,32.91330638579405
Pentan-2-one,33.25,33.54774830663728
Pentan-2-one,34.0,34.18219022748051
Pentan-2-one,34.75,34.80079114425228
Pentan-2-one,35.5,35.37444637240099
Pentan-2-one,36.25,35.939112572277196
Pentan-2-one,37.0,36.503778772153396
Pentan-2-one,37.75,37.0684449720296
Pentan-2-one,38.5,37.63311117190581
Pentan-2-one,39.25,38.19777737178201
Pentan-2-one,40.0,38.72366067203891
Pentan-2-one,40.75,39.20094331809967
Pentan-2-one,41.5,39.66967128346942
Pentan-2-one,42.25,40.13839924883916
Pentan-2-one,43.0,40.60712721420891
Pentan-2-one,43.75,41.07585517957865
Pentan-2-one,44.5,41.5445831449484
Pentan-2-one,45.25,41.91745947362519
Pentan-2-one,46.0,42.237262469598036
Pentan-2-one,46.75,42.55256139050805
Pentan-2-one,47.5,42.86786031141808
Pentan-2-one,48.25,43.183159232328094
Pentan-2-one,49.0,43.498458153238126
Pentan-2-one,49.75,43.81375707414814
Pentan-2-one,50.5,44.023689543092274
Pentan-2-one,51.25,44.212915359278746
Pentan-2-one,52.0,44.400506110236755
Pentan-2-one,52.75,44.588096861194764
Pentan-2-one,53.5,44.775687612152765
Pentan-2-one,54.25,44.961515074045465
Pentan-2-one,55.0,45.137794342695614
Pentan-2-one,55.75,45.2791430936071
Pentan-2-one,56.5,45.42049184451857
Pentan-2-one,57.25,45.561840595430056
Pentan-2-one,58.0,45.70318934634153
Pentan-2-one,58.75,45.84453809725301
Pentan-2-one,59.5,45.98588684816449
Pentan-2-one,60.25,46.13156020083065
Pentan-2-one,61.0,46.28981619296853
Pentan-2-one,61.75,46.45255708530752
Pentan-2-one,62.5,46.61529797764651
Pentan-2-one,63.25,46.77803886998551
Pentan-2-one,64.0,46.9407797623245
Pentan-2-one,64.75,47.094897959952135
Pentan-2-one,65.5,47.22571137338921
Pentan-2-one,66.25,47.3364604199124
Pentan-2-one,67.0,47.44720946643558
Pentan-2-one,67.75,47.55795851295876
Pentan-2-one,68.5,47.668707559481945
Pentan-2-one,69.25,47.779456606005134
Pentan-2-one,70.0,47.88879345449212
Pentan-2-one,70.75,47.993954300380025
Pentan-2-one,71.5,48.09720366972292
Pentan-2-one,72.25,48.20045303906581
Pentan-2-one,73.0,48.303702408408704
Pentan-2-one,73.75,48.4069517777516
Pentan-2-one,74.5,48.5102011470945
Pentan-2-one,75.25,48.583759580038574
Pentan-2-one,76.0,48.63913335771077
Pentan-2-one,76.75,48.69170949611038
Pentan-2-one,77.5,48.74428563450998
Pentan-2-one,78.25,48.79686177290958
Pentan-2-one,79.0,48.84943791130919
Pentan-2-one,79.75,48.899639218602445
Pentan-2-one,80.5,48.94002208235619
Pentan-2-one,81.25,48.97593727851185
Pentan-2-one,82.0,49.011852474667506
Pentan-2-one,82.75,49.04776767082316
Pentan-2-one,83.5,49.083682866978826
Pentan-2-one,84.25,49.11959806313449
Pentan-2-one,85.0,49.15547694252223
Pentan-2-one,85.75,49.191277505302075
Pentan-2-one,86.5,49.227012504077926
Pentan-2-one,87.25,49.262747502853784
Pentan-2-one,88.0,49.29848250162964
Pentan-2-one,88.75,49.3342175004055
Pentan-2-one,89.5,49.36995249918135
Pentan-2-one,90.25,49.41483773466642
Pentan-2-one,91.0,49.468291489203494
Pentan-2-one,91.75,49.52456622802157
Pentan-2-one,92.5,49.580840966839645
Pentan-2-one,93.25,49.63711570565772
Pentan-2-one,94.0,49.693390444475796
Pentan-2-one,94.75,49.74966518329387
Pentan-2-one,95.5,49.767279639343776
Pentan-2-one,96.25,49.7575363859995
Pentan-2-one,97.0,49.73894681330417
Pentan-2-one,97.75,49.72035724060883
Pentan-2-one,98.5,49.70176766791349
Pentan-2-one,99.25,49.68320038795167
Pentan-2-one,100.0,49.664778010757715
Pentan-3-one,25.0,27.464582741717507
Pentan-3-one,25.75,28.38427362864709
Pentan-3-one,26.5,29.240241246178414
Pentan-3-one,27.25,30.096208863709744
Pentan-3-one,28.0,30.95217648124107
Pentan-3-one,28.75,31.8081440987724
Pentan-3-one,29.5,32.66325140977588
Pentan-3-one,30.25,33.50631442938957
Pentan-3-one,31.0,34.25122101185347
Pentan-3-one,31.75,34.98911642023524
Pentan-3-one,32.5,35.727011828617016
Pentan-3-one,33.25,36.46490723699878
Pentan-3-one,34.0,37.20280264538056
Pentan-3-one,34.75,37.920392713845814
Pentan-3-one,35.5,38.5702157105331
Pentan-3-one,36.25,39.14251069167126
Pentan-3-one,37.0,39.714805672809426
Pentan-3-one,37.75,40.2871006539476
Pentan-3-one,38.5,40.85939563508577
Pentan-3-one,39.25,41.42739084141854
Pentan-3-one,40.0,41.897706725261536
Pentan-3-one,40.75,42.259665116586994
Pentan-3-one,41.5,42.62162350791246
Pentan-3-one,42.25,42.98358189923792
Pentan-3-one,43.0,43.34554029056338
Pentan-3-one,43.75,43.70749868188884
Pentan-3-one,44.5,44.0694570732143
Pentan-3-one,45.25,44.40413698427581
Pentan-3-one,46.0,44.72055574481756
Pentan-3-one,46.75,45.03293033376998
Pentan-3-one,47.5,45.34530492272242
Pentan-3-one,48.25,45.65767951167485
Pentan-3-one,49.0,45.97005410062728
Pentan-3-one,49.75,46.28242868957971
Pentan-3-one,50.5,46.572374706397866
Pentan-3-one,51.25,46.85364734531258
Pentan-3-one,52.0,47.13302077392027
Pentan-3-one,52.75,47.41239420252795
Pentan-3-one,53.5,47.69176763113563
Pentan-3-one,54.25,47.96939797020668
Pentan-3-one,55.0,48.236324788811174
Pentan-3-one,55.75,48.45101533493612
Pentan-3-one,56.5,48.665705881061086
Pentan-3-one,57.25,48.88039642718604
Pentan-3-one,58.0,49.095086973311
Pentan-3-one,58.75,49.309777519435954
Pentan-3-one,59.5,49.52446806556091
Pentan-3-one,60.25,49.74902738605634
Pentan-3-one,61.0,50.00081706579875
Pentan-3-one,61.75,50.253199738774505
Pentan-3-one,62.5,50.505582411750254
Pentan-3-one,63.25,50.757965084726
Pentan-3-one,64.0,51.01034775770176
Pentan-3-one,64.75,51.2480990259047
Pentan-3-one,65.5,51.4688819796323
Pentan-3-one,66.25,51.68142031092926
Pentan-3-one,67.0,51.893958642226224
Pentan-3-one,67.75,52.10649697352318
Pentan-3-one,68.5,52.31903530482014
Pentan-3-one,69.25,52.531573636117095
Pentan-3-one,70.0,52.72560600194698
Pentan-3-one,70.75,52.86491448493037
Pentan-3-one,71.5,52.97917427217391
Pentan-3-one,72.25,53.09343405941744
Pentan-3-one,73.0,53.20769384666097
Pentan-3-one,73.75,53.321953633904506
Pentan-3-one,74.5,53.43621342114804
Pentan-3-one,75.25,53.55372015951459
Pentan-3-one,76.0,53.67372258912375
Pentan-3-one,76.75,53.79410897123177
Pentan-3-one,77.5,53.914495353339795
Pentan-3-one,78.25,54.03488173544781
Pentan-3-one,79.0,54.155268117555835
Pentan-3-one,79.75,54.27272109925972
Pentan-3-one,80.5,54.37762372467222
Pentan-3-one,81.25,54.471091784636684
Pentan-3-one,82.0,54.56455984460114
Pentan-3-one,82.75,54.65802790456561
Pentan-3-one,83.5,54.751495964530065
Pentan-3-one,84.25,54.84496402449453
Pentan-3-one,85.0,54.91258508440768
Pentan-3-one,85.75,54.93301253677486
Pentan-3-one,86.5,54.93027644360224
Pentan-3-one,87.25,54.92754035042962
Pentan-3-one,88.0,54.924804257256994
Pentan-3-one,88.75,54.92206816408438
Pentan-3-one,89.5,54.91933207091176
Pentan-3-one,90.25,54.92022930630867
Pentan-3-one,91.0,54.9276685456348
Pentan-3-one,91.75,54.93981611054133
Pentan-3-one,92.5,54.951963675447864
Pentan-3-one,93.25,54.96411124035439
Pentan-3-one,94.0,54.97625880526093
Pentan-3-one,94.75,54.98840637016745
Pentan-3-one,95.5,54.98943922988381
Pentan-3-one,96.25,54.98472627486889
Pentan-3-one,97.0,54.978529750637115
Pentan-3-one,97.75,54.97233322640533
Pentan-3-one,98.5,54.96613670217355
Pentan-3-one,99.25,54.960199871327504
Pentan-3-one,100.0,54.955951047488746
3-Methylbutan-2-one,25.0,30.351282467458073
3-Methylbutan-2-one,25.75,31.236447389599206
3-Methylbutan-2-one,26.5,32.059838734443574
3-Methylbutan-2-one,27.25,32.88323007928794
3-Methylbutan-2-one,28.0,33.70662142413231
3-Methylbutan-2-one,28.75,34.53001276897667
3-Methylbutan-2-one,29.5,35.35016840479062
3-Methylbutan-2-one,30.25,36.12502411417885
3-Methylbutan-2-one,31.0,36.809158351582894
3-Methylbutan-2-one,31.75,37.486812483845235
3-Methylbutan-2-one,32.5,38.16446661610756
3-Methylbutan-2-one,33.25,38.84212074836989
3-Methylbutan-2-one,34.0,39.51977488063221
3-Methylbutan-2-one,34.75,40.181358279505105
3-Methylbutan-2-one,35.5,40.7893071887509
3-Methylbutan-2-one,36.25,41.33589627475684
3-Methylbutan-2-one,37.0,41.882485360762786
3-Methylbutan-2-one,37.75,42.42907444676872
3-Methylbutan-2-one,38.5,42.97566353277467
3-Methylbutan-2-one,39.25,43.52225261878061
3-Methylbutan-2-one,40.0,44.01004908463776
3-Methylbutan-2-one,40.75,44.420823692779166
3-Methylbutan-2-one,41.5,44.811937717257806
3-Methylbutan-2-one,42.25,45.20305174173643
3-Methylbutan-2-one,43.0,45.59416576621507
3-Methylbutan-2-one,43.75,45.9852797906937
3-Methylbutan-2-one,44.5,46.376393815172335
3-Methylbutan-2-one,45.25,46.742789224457525
3-Methylbutan-2-one,46.0,47.088880083182694
3-Methylbutan-2-one,46.75,47.42801885431497
3-Methylbutan-2-one,47.5,47.76715762544725
3-Methylbutan-2-one,48.25,48.10629639657952
3-Methylbutan-2-one,49.0,48.4454351677118
3-Methylbutan-2-one,49.75,48.784573938844076
3-Methylbutan-2-one,50.5,49.12666680501645
3-Methylbutan-2-one,51.25,49.46950398867259
3-Methylbutan-2-one,52.0,49.81244656917375
3-Methylbutan-2-one,52.75,50.15538914967491
3-Methylbutan-2-one,53.5,50.49833173017606
3-Methylbutan-2-one,54.25,50.84127431067722
3-Methylbutan-2-one,55.0,51.178890677985976
3-Methylbutan-2-one,55.75,51.44194006060118
3-Methylbutan-2-one,56.5,51.67922410189601
3-Methylbutan-2-one,57.25,51.91466776166796
3-Methylbutan-2-one,58.0,52.1501114214399
3-Methylbutan-2-one,58.75,52.38555508121185
3-Methylbutan-2-one,59.5,52.62233784823829
3-Methylbutan-2-one,60.25,52.86457889817263
3-Methylbutan-2-one,61.0,53.116306408678874
3-Methylbutan-2-one,61.75,53.3680339191851
3-Methylbutan-2-one,62.5,53.61976142969134
3-Methylbutan-2-one,63.25,53.87148894019758
3-Methylbutan-2-one,64.0,54.123216450703815
3-Methylbutan-2-one,64.75,54.35681120854428
3-Methylbutan-2-one,65.5,54.54139809798602
3-Methylbutan-2-one,66.25,54.68379142557458
3-Methylbutan-2-one,67.0,54.82618475316314
3-Methylbutan-2-one,67.75,54.9685780807517
3-Methylbutan-2-one,68.5,55.110971408340255
3-Methylbutan-2-one,69.25,55.25336473592882
3-Methylbutan-2-one,70.0,55.39599249874636
3-Methylbutan-2-one,70.75,55.55527403216896
3-Methylbutan-2-one,71.5,55.72285314649047
3-Methylbutan-2-one,72.25,55.890432260811984
3-Methylbutan-2-one,73.0,56.058011375133496
3-Methylbutan-2-one,73.75,56.22559048945501
3-Methylbutan-2-one,74.5,56.39316960377652
3-Methylbutan-2-one,75.25,56.508719603815216
3-Methylbutan-2-one,76.0,56.59240359954117
3-Methylbutan-2-one,76.75,56.67118513306515
3-Methylbutan-2-one,77.5,56.749966666589145
3-Methylbutan-2-one,78.25,56.82874820011314
3-Methylbutan-2-one,79.0,56.907529733637126
3-Methylbutan-2-one,79.75,56.98416175223907
3-Methylbutan-2-one,80.5,57.051446829760046
3-Methylbutan-2-one,81.25,57.108247567781795
3-Methylbutan-2-one,82.0,57.165048305803545
3-Methylbutan-2-one,82.75,57.2218490438253
3-Methylbutan-2-one,83.5,57.278649781847065
3-Methylbutan-2-one,84.25,57.335450519868814
3-Methylbutan-2-one,85.0,57.38310141866978
3-Methylbutan-2-one,85.75,57.40950804275427
3-Methylbutan-2-one,86.5,57.41523599815412
3-Methylbutan-2-one,87.25,57.42096395355397
3-Methylbutan-2-one,88.0,57.426691908953806
3-Methylbutan-2-one,88.75,57.432419864353655
3-Methylbutan-2-one,89.5,57.438147819753496
3-Methylbutan-2-one,90.25,57.45088003926351
3-Methylbutan-2-one,91.0,57.474605015183535
3-Methylbutan-2-one,91.75,57.50555655910724
3-Methylbutan-2-one,92.5,57.53650810303096
3-Methylbutan-2-one,93.25,57.56745964695467
3-Methylbutan-2-one,94.0,57.59841119087837
3-Methylbutan-2-one,94.75,57.629362734802086
3-Methylbutan-2-one,95.5,57.64490781851522
3-Methylbutan-2-one,96.25,57.63434913512872
3-Methylbutan-2-one,97.0,57.61266437571874
3-Methylbutan-2-one,97.75,57.59097961630876
3-Methylbutan-2-one,98.5,57.56929485689878
3-Methylbutan-2-one,99.25,57.5476100974888
3-Methylbutan-2-one,100.0,57.52592533807882
Hexan-3-one,25.0,30.91986725946519
Hexan-3-one,25.75,31.696949685447372
Hexan-3-one,26.5,32.3815431664523
Hexan-3-one,27.25,33.066136647457235
Hexan-3-one,28.0,33.750730128462166
Hexan-3-one,28.75,34.43532360946709
Hexan-3-one,29.5,35.121854299430254
Hexan-3-one,30.25,35.83550591480863
Hexan-3-one,31.0,36.77018285453424
Hexan-3-one,31.75,37.72064731742752
Hexan-3-one,32.5,38.6711117803208
Hexan-3-one,33.25,39.62157624321408
Hexan-3-one,34.0,40.57204070610735
Hexan-3-one,34.75,41.46147321124654
Hexan-3-one,35.5,42.14722096529083
Hexan-3-one,36.25,42.59996408207256
Hexan-3-one,37.0,43.0527071988543
Hexan-3-one,37.75,43.50545031563603
Hexan-3-one,38.5,43.958193432417765
Hexan-3-one,39.25,44.410936549199505
Hexan-3-one,40.0,44.86186275399672
Hexan-3-one,40.75,45.30979779274184
Hexan-3-one,41.5,45.75590344106174
Hexan-3-one,42.25,46.20200908938163
Hexan-3-one,43.0,46.64811473770153
Hexan-3-one,43.75,47.094220386021426
Hexan-3-one,44.5,47.54032603434132
Hexan-3-one,45.25,47.98726323242403
Hexan-3-one,46.0,48.435484940507926
Hexan-3-one,46.75,48.884466791821644
Hexan-3-one,47.5,49.333448643135355
Hexan-3-one,48.25,49.78243049444907
Hexan-3-one,49.0,50.23141234576279
Hexan-3-one,49.75,50.678459905270145
Hexan-3-one,50.5,50.91608336251274
Hexan-3-one,51.25,51.121487727099215
Hexan-3-one,52.0,51.3268920916857
Hexan-3-one,52.75,51.53229645627218
Hexan-3-one,53.5,51.737700820858656
Hexan-3-one,54.25,51.94310518544514
Hexan-3-one,55.0,52.15231214949673
Hexan-3-one,55.75,52.41475550605984
Hexan-3-one,56.5,52.68240053818848
Hexan-3-one,57.25,52.95041711857182
Hexan-3-one,58.0,53.218433698955145
Hexan-3-one,58.75,53.48645027933848
Hexan-3-one,59.5,53.75446685972181
Hexan-3-one,60.25,54.0352240084853
Hexan-3-one,61.0,54.35372009044145
Hexan-3-one,61.75,54.68978157835433
Hexan-3-one,62.5,55.02584306626721
Hexan-3-one,63.25,55.36190455418009
Hexan-3-one,64.0,55.69796604209297
Hexan-3-one,64.75,55.98781581098633
Hexan-3-one,65.5,56.20188948965204
Hexan-3-one,66.25,56.36457085112006
Hexan-3-one,67.0,56.527252212588074
Hexan-3-one,67.75,56.6899335740561
Hexan-3-one,68.5,56.85261493552411
Hexan-3-one,69.25,57.015296296992126
Hexan-3-one,70.0,57.17754035558135
Hexan-3-one,70.75,57.30878257453845
Hexan-3-one,71.5,57.42457853653933
Hexan-3-one,72.25,57.54037449854022
Hexan-3-one,73.0,57.6561704605411
Hexan-3-one,73.75,57.77196642254198
Hexan-3-one,74.5,57.88776238454285
Hexan-3-one,75.25,58.01720815924634
Hexan-3-one,76.0,58.15714553568164
Hexan-3-one,76.75,58.29869700469107
Hexan-3-one,77.5,58.44024847370049
Hexan-3-one,78.25,58.58179994270992
Hexan-3-one,79.0,58.72335141171935
Hexan-3-one,79.75,58.864902880728785
Hexan-3-one,80.5,59.00177203070385
Hexan-3-one,81.25,59.07308871419766
Hexan-3-one,82.0,59.14344288684306
Hexan-3-one,82.75,59.21372830871358
Hexan-3-one,83.5,59.28401373058409
Hexan-3-one,84.25,59.354299152454615
Hexan-3-one,85.0,59.41974787126942
Hexan-3-one,85.75,59.47592907666276
Hexan-3-one,86.5,59.526576020251824
Hexan-3-one,87.25,59.5772229638409
Hexan-3-one,88.0,59.62786990742997
Hexan-3-one,88.75,59.67851685101903
Hexan-3-one,89.5,59.7291637946081
Hexan-3-one,90.25,59.78526052502136
Hexan-3-one,91.0,59.84892252438771
Hexan-3-one,91.75,59.917078326882006
Hexan-3-one,92.5,59.98523412937631
Hexan-3-one,93.25,60.05338993187062
Hexan-3-one,94.0,60.121545734364915
Hexan-3-one,94.75,60.189701536859225
Hexan-3-one,95.5,60.21917015157326
Hexan-3-one,96.25,60.20371848390313
Hexan-3-one,97.0,60.170642573513454
Hexan-3-one,97.75,60.137566663123785
Hexan-3-one,98.5,60.104490752734115
Hexan-3-one,99.25,60.07141484234444
Hexan-3-one,100.0,60.038338931954776
Hexan-2-one,25.0,30.901646854736363
Hexan-2-one,25.75,31.878800398974764
Hexan-2-one,26.5,32.770894280053625
Hexan-2-one,27.25,33.654408867520694
Hexan-2-one,28.0,34.53792345498776
Hexan-2-one,28.75,35.42143804245484
Hexan-2-one,29.5,36.3049526299219
Hexan-2-one,30.25,37.18846721738897
Hexan-2-one,31.0,37.98744435138751
Hexan-2-one,31.75,38.76550213657006
Hexan-2-one,32.5,39.539839681931994
Hexan-2-one,33.25,40.314177227293925
Hexan-2-one,34.0,41.088514772655856
Hexan-2-one,34.75,41.8558729823925
Hexan-2-one,35.5,42.5881558371764
Hexan-2-one,36.25,43.21720450906929
Hexan-2-one,37.0,43.84625318096218
Hexan-2-one,37.75,44.47530185285507
Hexan-2-one,38.5,45.10435052474796
Hexan-2-one,39.25,45.733399196640846
Hexan-2-one,40.0,46.25825876707309
Hexan-2-one,40.75,46.63191945601863
Hexan-2-one,41.5,46.94132889961507
Hexan-2-one,42.25,47.25073834321151
Hexan-2-one,43.0,47.56014778680795
Hexan-2-one,43.75,47.869557230404396
Hexan-2-one,44.5,48.17896667400083
Hexan-2-one,45.25,48.5278578782767
Hexan-2-one,46.0,48.94851848583838
Hexan-2-one,46.75,49.414704050977896
Hexan-2-one,47.5,49.88088961611741
Hexan-2-one,48.25,50.347075181256926
Hexan-2-one,49.0,50.81326074639644
Hexan-2-one,49.75,51.279446311535956
Hexan-2-one,50.5,51.59827086434967
Hexan-2-one,51.25,51.86011643338143
Hexan-2-one,52.0,52.10948634466453
Hexan-2-one,52.75,52.358856255947636
Hexan-2-one,53.5,52.60822616723074
Hexan-2-one,54.25,52.85759607851384
Hexan-2-one,55.0,53.10811652947331
Hexan-2-one,55.75,53.37474453590177
Hexan-2-one,56.5,53.645421662825385
Hexan-2-one,57.25,53.916388012641505
Hexan-2-one,58.0,54.18735436245764
Hexan-2-one,58.75,54.45832071227377
Hexan-2-one,59.5,54.728327924180434
Hexan-2-one,60.25,54.98060403262595
Hexan-2-one,61.0,55.18807605042981
Hexan-2-one,61.75,55.39554806823366
Hexan-2-one,62.5,55.60302008603751
Hexan-2-one,63.25,55.81049210384136
Hexan-2-one,64.0,56.01796412164522
Hexan-2-one,64.75,56.219557659913605
Hexan-2-one,65.5,56.408047448814344
Hexan-2-one,66.25,56.586040365702885
Hexan-2-one,67.0,56.76403328259143
Hexan-2-one,67.75,56.94202619947997
Hexan-2-one,68.5,57.12001911636852
Hexan-2-one,69.25,57.29801203325706
Hexan-2-one,70.0,57.47643666648467
Hexan-2-one,70.75,57.65993326520738
Hexan-2-one,71.5,57.84591188213525
Hexan-2-one,72.25,58.031890499063124
Hexan-2-one,73.0,58.217869115991
Hexan-2-one,73.75,58.40384773291887
Hexan-2-one,74.5,58.589826349846746
Hexan-2-one,75.25,58.71436779418088
Hexan-2-one,76.0,58.8263908864048
Hexan-2-one,76.75,58.936488078304066
Hexan-2-one,77.5,59.04658527020334
Hexan-2-one,78.25,59.15668246210261
Hexan-2-one,79.0,59.26677965400189
Hexan-2-one,79.75,59.374009038252794
Hexan-2-one,80.5,59.46711854301631
Hexan-2-one,81.25,59.5231469632647
Hexan-2-one,82.0,59.57917538351309
Hexan-2-one,82.75,59.635203803761485
Hexan-2-one,83.5,59.691232224009866
Hexan-2-one,84.25,59.747260644258255
Hexan-2-one,85.0,59.79275148269125
Hexan-2-one,85.75,59.8137771945712
Hexan-2-one,86.5,59.81099133341881
Hexan-2-one,87.25,59.80820547226641
Hexan-2-one,88.0,59.80541961111401
Hexan-2-one,88.75,59.80263374996162
Hexan-2-one,89.5,59.79984788880922
Hexan-2-one,90.25,59.82736119211806
Hexan-2-one,91.0,59.93138635315951
Hexan-2-one,91.75,60.09976855963917
Hexan-2-one,92.5,60.26815076611884
Hexan-2-one,93.25,60.436532972598506
Hexan-2-one,94.0,60.60491517907818
Hexan-2-one,94.75,60.773297385557846
Hexan-2-one,95.5,60.86798535392451
Hexan-2-one,96.25,60.90150518327732
Hexan-2-one,97.0,60.91365272288734
Hexan-2-one,97.75,60.925800262497354
Hexan-2-one,98.5,60.93794780210737
Hexan-2-one,99.25,60.95009534171738
Hexan-2-one,100.0,60.96224288132739
"3,3-Dimethylbutan-2-one",25.0,30.26257920885339
"3,3-Dimethylbutan-2-one",25.75,31.36100914108284
"3,3-Dimethylbutan-2-one",26.5,32.45726925851055
"3,3-Dimethylbutan-2-one",27.25,33.55303973551301
"3,3-Dimethylbutan-2-one",28.0,34.64881021251547
"3,3-Dimethylbutan-2-one",28.75,35.74458068951793
"3,3-Dimethylbutan-2-one",29.5,36.83949905185733
"3,3-Dimethylbutan-2-one",30.25,37.92248780891389
"3,3-Dimethylbutan-2-one",31.0,38.79380827730823
"3,3-Dimethylbutan-2-one",31.75,39.65000958222669
"3,3-Dimethylbutan-2-one",32.5,40.506210887145144
"3,3-Dimethylbutan-2-one",33.25,41.3624121920636
"3,3-Dimethylbutan-2-one",34.0,42.218613496982066
"3,3-Dimethylbutan-2-one",34.75,43.00499931212294
"3,3-Dimethylbutan-2-one",35.5,43.58323218267624
"3,3-Dimethylbutan-2-one",36.25,44.05642279318476
"3,3-Dimethylbutan-2-one",37.0,44.529613403693276
"3,3-Dimethylbutan-2-one",37.75,45.00280401420179
"3,3-Dimethylbutan-2-one",38.5,45.4759946247103
"3,3-Dimethylbutan-2-one",39.25,45.94918523521882
"3,3-Dimethylbutan-2-one",40.0,46.39876746999248
"3,3-Dimethylbutan-2-one",40.75,46.81742131694896
"3,3-Dimethylbutan-2-one",41.5,47.22818038995077
"3,3-Dimethylbutan-2-one",42.25,47.638939462952585
"3,3-Dimethylbutan-2-one",43.0,48.049698535954406
"3,3-Dimethylbutan-2-one",43.75,48.46045760895622
"3,3-Dimethylbutan-2-one",44.5,48.871216681958025
"3,3-Dimethylbutan-2-one",45.25,49.28274093639952
"3,3-Dimethylbutan-2-one",46.0,49.69515770010916
"3,3-Dimethylbutan-2-one",46.75,50.10802064254855
"3,3-Dimethylbutan-2-one",47.5,50.52088358498794
"3,3-Dimethylbutan-2-one",48.25,50.93374652742734
"3,3-Dimethylbutan-2-one",49.0,51.346609469866735
"3,3-Dimethylbutan-2-one",49.75,51.75947241230613
"3,3-Dimethylbutan-2-one",50.5,52.03476874570323
"3,3-Dimethylbutan-2-one",51.25,52.245469344012754
"3,3-Dimethylbutan-2-one",52.0,52.44037661818091
"3,3-Dimethylbutan-2-one",52.75,52.635283892349065
"3,3-Dimethylbutan-2-one",53.5,52.830191166517224
"3,3-Dimethylbutan-2-one",54.25,53.02509844068538
"3,3-Dimethylbutan-2-one",55.0,53.21941069799322
"3,3-Dimethylbutan-2-one",55.75,53.405392719256646
"3,3-Dimethylbutan-2-one",56.5,53.588495838161556
"3,3-Dimethylbutan-2-one",57.25,53.77139332118371
"3,3-Dimethylbutan-2-one",58.0,53.95429080420587
"3,3-Dimethylbutan-2-one",58.75,54.13718828722803
"3,3-Dimethylbutan-2-one",59.5,54.32008577025018
"3,3-Dimethylbutan-2-one",60.25,54.52377197003042
"3,3-Dimethylbutan-2-one",61.0,54.790317847732965
"3,3-Dimethylbutan-2-one",61.75,55.09385331987976
"3,3-Dimethylbutan-2-one",62.5,55.39738879202657
"3,3-Dimethylbutan-2-one",63.25,55.70092426417338
"3,3-Dimethylbutan-2-one",64.0,56.004459736320186
"3,3-Dimethylbutan-2-one",64.75,56.30582406493085
"3,3-Dimethylbutan-2-one",65.5,56.59977066412478
"3,3-Dimethylbutan-2-one",66.25,56.88689406286996
"3,3-Dimethylbutan-2-one",67.0,57.17401746161515
"3,3-Dimethylbutan-2-one",67.75,57.46114086036033
"3,3-Dimethylbutan-2-one",68.5,57.748264259105525
"3,3-Dimethylbutan-2-one",69.25,58.035387657850706
"3,3-Dimethylbutan-2-one",70.0,58.21853875256785
"3,3-Dimethylbutan-2-one",70.75,58.37232489805001
"3,3-Dimethylbutan-2-one",71.5,58.524425106918166
"3,3-Dimethylbutan-2-one",72.25,58.67652531578633
"3,3-Dimethylbutan-2-one",73.0,58.82862552465449
"3,3-Dimethylbutan-2-one",73.75,58.98072573352266
"3,3-Dimethylbutan-2-one",74.5,59.13282594239082
"3,3-Dimethylbutan-2-one",75.25,59.279946365600644
"3,3-Dimethylbutan-2-one",76.0,59.379058510883375
"3,3-Dimethylbutan-2-one",76.75,59.47078476725425
"3,3-Dimethylbutan-2-one",77.5,59.56251102362513
"3,3-Dimethylbutan-2-one",78.25,59.654237279996
"3,3-Dimethylbutan-2-one",79.0,59.74596353636688
"3,3-Dimethylbutan-2-one",79.75,59.83668207394699
"3,3-Dimethylbutan-2-one",80.5,59.9202573295352
"3,3-Dimethylbutan-2-one",81.25,59.96025888951994
"3,3-Dimethylbutan-2-one",82.0,60.00026044950467
"3,3-Dimethylbutan-2-one",82.75,60.0402620094894
"3,3-Dimethylbutan-2-one",83.5,60.08026356947415
"3,3-Dimethylbutan-2-one",84.25,60.12026512945888
"3,3-Dimethylbutan-2-one",85.0,60.17120420521209
"3,3-Dimethylbutan-2-one",85.75,60.23892250644841
"3,3-Dimethylbutan-2-one",86.5,60.30766642521828
"3,3-Dimethylbutan-2-one",87.25,60.37641034398815
"3,3-Dimethylbutan-2-one",88.0,60.44515426275803
"3,3-Dimethylbutan-2-one",88.75,60.5138981815279
"3,3-Dimethylbutan-2-one",89.5,60.58264210029777
"3,3-Dimethylbutan-2-one",90.25,60.66068439668792
"3,3-Dimethylbutan-2-one",91.0,60.75331991780235
"3,3-Dimethylbutan-2-one",91.75,60.85554893184337
"3,3-Dimethylbutan-2-one",92.5,60.95777794588441
"3,3-Dimethylbutan-2-one",93.25,61.06000695992543
"3,3-Dimethylbutan-2-one",94.0,61.162235973966474
"3,3-Dimethylbutan-2-one",94.75,61.2644649880075
"3,3-Dimethylbutan-2-one",95.5,61.284865297695184
"3,3-Dimethylbutan-2-one",96.25,61.237345649305105
"3,3-Dimethylbutan-2-one",97.0,61.1660946099203
"3,3-Dimethylbutan-2-one",97.75,61.09484357053551
"3,3-Dimethylbutan-2-one",98.5,61.023592531150705
"3,3-Dimethylbutan-2-one",99.25,60.95244033557461
"3,3-Dimethylbutan-2-one",100.0,60.8819306247551
3-Methylpentan-2-one,25.0,31.4841849
3-Methylpentan-2-one,25.75,32.53449698
3-Methylpentan-2-one,26.5,33.57389521
3-Methylpentan-2-one,27.25,34.61329345
3-Methylpentan-2-one,28.0,35.65269168
3-Methylpentan-2-one,28.75,36.69208992
3-Methylpentan-2-one,29.5,37.73148815
3-Methylpentan-2-one,30.25,38.57382878
3-Methylpentan-2-one,31.0,39.26405696
3-Methylpentan-2-one,31.75,39.95428515
3-Methylpentan-2-one,32.5,40.64451333
3-Methylpentan-2-one,33.25,41.33474151
3-Methylpentan-2-one,34.0,42.0249697
3-Methylpentan-2-one,34.75,42.71519788
3-Methylpentan-2-one,35.5,43.40542607
3-Methylpentan-2-one,36.25,44.09565425
3-Methylpentan-2-one,37.0,44.78588244
3-Methylpentan-2-one,37.75,45.47611062
3-Methylpentan-2-one,38.5,46.1663388
3-Methylpentan-2-one,39.25,46.85656699
3-Methylpentan-2-one,40.0,47.46991228
3-Methylpentan-2-one,40.75,47.75188379
3-Methylpentan-2-one,41.5,48.0338553
3-Methylpentan-2-one,42.25,48.31582681
3-Methylpentan-2-one,43.0,48.59779833
3-Methylpentan-2-one,43.75,48.87976984
3-Methylpentan-2-one,44.5,49.16174135
3-Methylpentan-2-one,45.25,49.4567614
3-Methylpentan-2-one,46.0,49.88660835
3-Methylpentan-2-one,46.75,50.31645531
3-Methylpentan-2-one,47.5,50.74630227
3-Methylpentan-2-one,48.25,51.17614922
3-Methylpentan-2-one,49.0,51.60599618
3-Methylpentan-2-one,49.75,52.03584314
3-Methylpentan-2-one,50.5,52.46531873
3-Methylpentan-2-one,51.25,52.89456871
3-Methylpentan-2-one,52.0,53.3238187
3-Methylpentan-2-one,52.75,53.75306868
3-Methylpentan-2-one,53.5,54.18231866
3-Methylpentan-2-one,54.25,54.61156864
3-Methylpentan-2-one,55.0,55.04081863
3-Methylpentan-2-one,55.75,55.38715938
3-Methylpentan-2-one,56.5,55.73056305
3-Methylpentan-2-one,57.25,56.07396671
3-Methylpentan-2-one,58.0,56.41737038
3-Methylpentan-2-one,58.75,56.76077404
3-Methylpentan-2-one,59.5,57.10417771
3-Methylpentan-2-one,60.25,57.3064656
3-Methylpentan-2-one,61.0,57.42460785
3-Methylpentan-2-one,61.75,57.5427501
3-Methylpentan-2-one,62.5,57.66089235
3-Methylpentan-2-one,63.25,57.77903459
3-Methylpentan-2-one,64.0,57.89717684
3-Methylpentan-2-one,64.75,58.01531909
3-Methylpentan-2-one,65.5,58.13281088
3-Methylpentan-2-one,66.25,58.25004536
3-Methylpentan-2-one,67.0,58.36727984
3-Methylpentan-2-one,67.75,58.48451433
3-Methylpentan-2-one,68.5,58.60174881
3-Methylpentan-2-one,69.25,58.71898329
3-Methylpentan-2-one,70.0,58.83365991
3-Methylpentan-2-one,70.75,58.94067979
3-Methylpentan-2-one,71.5,59.04769967
3-Methylpentan-2-one,72.25,59.15471956
3-Methylpentan-2-one,73.0,59.26173944
3-Methylpentan-2-one,73.75,59.36875933
3-Methylpentan-2-one,74.5,59.47577921
3-Methylpentan-2-one,75.25,59.60064551
3-Methylpentan-2-one,76.0,59.7412922
3-Methylpentan-2-one,76.75,59.88193888
3-Methylpentan-2-one,77.5,60.02258557
3-Methylpentan-2-one,78.25,60.16323225
3-Methylpentan-2-one,79.0,60.30387894
3-Methylpentan-2-one,79.75,60.44452563
3-Methylpentan-2-one,80.5,60.48862055
3-Methylpentan-2-one,81.25,60.47373258
3-Methylpentan-2-one,82.0,60.4588446
3-Methylpentan-2-one,82.75,60.44395663
3-Methylpentan-2-one,83.5,60.42906866
3-Methylpentan-2-one,84.25,60.41418069
3-Methylpentan-2-one,85.0,60.4075154
3-Methylpentan-2-one,85.75,60.48272243
3-Methylpentan-2-one,86.5,60.55792946
3-Methylpentan-2-one,87.25,60.63313649
3-Methylpentan-2-one,88.0,60.70834353
3-Methylpentan-2-one,88.75,60.78355056
3-Methylpentan-2-one,89.5,60.85875759
3-Methylpentan-2-one,90.25,60.92245238
3-Methylpentan-2-one,91.0,60.96667586
3-Methylpentan-2-one,91.75,61.01089935
3-Methylpentan-2-one,92.5,61.05512283
3-Methylpentan-2-one,93.25,61.09934632
3-Methylpentan-2-one,94.0,61.1435698
3-Methylpentan-2-one,94.75,61.18779329
3-Methylpentan-2-one,95.5,61.07696315
3-Methylpentan-2-one,96.25,61.07138793
3-Methylpentan-2-one,97.0,61.0658127
3-Methylpentan-2-one,97.75,61.06023748
3-Methylpentan-2-one,98.5,61.05466226
3-Methylpentan-2-one,99.25,61.04908703
3-Methylpentan-2-one,100.0,61.04351181
4-Methylpentan-2-one,25.0,31.94040672702108
4-Methylpentan-2-one,25.75,32.981809564508175
4-Methylpentan-2-one,26.5,33.982614478483214
4-Methylpentan-2-one,27.25,34.98341939245825
4-Methylpentan-2-one,28.0,35.9842243064333
4-Methylpentan-2-one,28.75,36.985029220408336
4-Methylpentan-2-one,29.5,37.9859962460206
4-Methylpentan-2-one,30.25,38.98923283455385
4-Methylpentan-2-one,31.0,40.03273852571968
4-Methylpentan-2-one,31.75,41.07912058135927
4-Methylpentan-2-one,32.5,42.12550263699886
4-Methylpentan-2-one,33.25,43.17188469263844
4-Methylpentan-2-one,34.0,44.218266748278026
4-Methylpentan-2-one,34.75,45.22332628481193
4-Methylpentan-2-one,35.5,46.07602667253058
4-Methylpentan-2-one,36.25,46.67703262196416
4-Methylpentan-2-one,37.0,47.278038571397744
4-Methylpentan-2-one,37.75,47.87904452083133
4-Methylpentan-2-one,38.5,48.48005047026491
4-Methylpentan-2-one,39.25,49.0810564196985
4-Methylpentan-2-one,40.0,49.57905003744515
4-Methylpentan-2-one,40.75,49.94209527874676
4-Methylpentan-2-one,41.5,50.27070052529989
4-Methylpentan-2-one,42.25,50.59930577185301
4-Methylpentan-2-one,43.0,50.927911018406135
4-Methylpentan-2-one,43.75,51.25651626495926
4-Methylpentan-2-one,44.5,51.58512151151238
4-Methylpentan-2-one,45.25,51.93159211562469
4-Methylpentan-2-one,46.0,52.29889921627573
4-Methylpentan-2-one,46.75,52.67662215746599
4-Methylpentan-2-one,47.5,53.05434509865625
4-Methylpentan-2-one,48.25,53.43206803984651
4-Methylpentan-2-one,49.0,53.80979098103677
4-Methylpentan-2-one,49.75,54.16975394211113
4-Methylpentan-2-one,50.5,54.47867654436609
4-Methylpentan-2-one,51.25,54.779746783725756
4-Methylpentan-2-one,52.0,55.08081702308542
4-Methylpentan-2-one,52.75,55.38188726244509
4-Methylpentan-2-one,53.5,55.68295750180476
4-Methylpentan-2-one,54.25,55.98342425082157
4-Methylpentan-2-one,55.0,56.28018523997903
4-Methylpentan-2-one,55.75,56.55886105030573
4-Methylpentan-2-one,56.5,56.837536860632426
4-Methylpentan-2-one,57.25,57.11621267095912
4-Methylpentan-2-one,58.0,57.39488848128581
4-Methylpentan-2-one,58.75,57.673564291612514
4-Methylpentan-2-one,59.5,57.95224010193922
4-Methylpentan-2-one,60.25,58.23091591226591
4-Methylpentan-2-one,61.0,58.5095917225926
4-Methylpentan-2-one,61.75,58.78826753291929
4-Methylpentan-2-one,62.5,59.066943343246
4-Methylpentan-2-one,63.25,59.34561915357269
4-Methylpentan-2-one,64.0,59.61357735386534
4-Methylpentan-2-one,64.75,59.81045070252586
4-Methylpentan-2-one,65.5,59.96253235859142
4-Methylpentan-2-one,66.25,60.11461401465696
4-Methylpentan-2-one,67.0,60.266695670722505
4-Methylpentan-2-one,67.75,60.41877732678805
4-Methylpentan-2-one,68.5,60.57085898285361
4-Methylpentan-2-one,69.25,60.72294063891915
4-Methylpentan-2-one,70.0,60.898180848052014
4-Methylpentan-2-one,70.75,61.11548657036653
4-Methylpentan-2-one,71.5,61.350930230138474
4-Methylpentan-2-one,72.25,61.58637388991042
4-Methylpentan-2-one,73.0,61.821817549682365
4-Methylpentan-2-one,73.75,62.0572612094543
4-Methylpentan-2-one,74.5,62.29270486922624
4-Methylpentan-2-one,75.25,62.42620685293149
4-Methylpentan-2-one,76.0,62.538937343714274
4-Methylpentan-2-one,76.75,62.64847222020127
4-Methylpentan-2-one,77.5,62.75800709668828
4-Methylpentan-2-one,78.25,62.867541973175285
4-Methylpentan-2-one,79.0,62.977076849662296
4-Methylpentan-2-one,79.75,63.08758047240983
4-Methylpentan-2-one,80.5,63.20222881086292
4-Methylpentan-2-one,81.25,63.3206533786037
4-Methylpentan-2-one,82.0,63.43907794634448
4-Methylpentan-2-one,82.75,63.557502514085265
4-Methylpentan-2-one,83.5,63.675927081826046
4-Methylpentan-2-one,84.25,63.79435164956682
4-Methylpentan-2-one,85.0,63.8752241021165
4-Methylpentan-2-one,85.75,63.89684310597065
4-Methylpentan-2-one,86.5,63.91041760107542
4-Methylpentan-2-one,87.25,63.92399209618021
4-Methylpentan-2-one,88.0,63.93756659128498
4-Methylpentan-2-one,88.75,63.95114108638974
4-Methylpentan-2-one,89.5,63.96471558149451
4-Methylpentan-2-one,90.25,63.99107316634704
4-Methylpentan-2-one,91.0,64.03331074703442
4-Methylpentan-2-one,91.75,64.08395739743953
4-Methylpentan-2-one,92.5,64.13460404784463
4-Methylpentan-2-one,93.25,64.18525069824973
4-Methylpentan-2-one,94.0,64.23589734865485
4-Methylpentan-2-one,94.75,64.28654399905994
4-Methylpentan-2-one,95.5,64.3401041345666
4-Methylpentan-2-one,96.25,64.3970471619554
4-Methylpentan-2-one,97.0,64.45531744964758
4-Methylpentan-2-one,97.75,64.51358773733973
4-Methylpentan-2-one,98.5,64.5718580250319
4-Methylpentan-2-one,99.25,64.63012831272407
4-Methylpentan-2-one,100.0,64.68839860041624
Molecular Hydrogen,25.0,0.18842664964946088
Molecular Hydrogen,25.75,0.19630362547025199
Molecular Hydrogen,26.5,0.2041806012910431
Molecular Hydrogen,27.25,0.2120575771118342
Molecular Hydrogen,28.0,0.21993455293262534
Molecular Hydrogen,28.75,0.22781152875341645
Molecular Hydrogen,29.5,0.23568850457420756
Molecular Hydrogen,30.25,0.24356548039499867
Molecular Hydrogen,31.0,0.2514424562157898
Molecular Hydrogen,31.75,0.25790241530765606
Molecular Hydrogen,32.5,0.2631224847617131
Molecular Hydrogen,33.25,0.2683425542157702
Molecular Hydrogen,34.0,0.27356262366982725
Molecular Hydrogen,34.75,0.2787826931238843
Molecular Hydrogen,35.5,0.2840027625779413
Molecular Hydrogen,36.25,0.2892228320319984
Molecular Hydrogen,37.0,0.29444290148605545
Molecular Hydrogen,37.75,0.29951064365674696
Molecular Hydrogen,38.5,0.3024458038603208
Molecular Hydrogen,39.25,0.3053809640638947
Molecular Hydrogen,40.0,0.30831612426746857
Molecular Hydrogen,40.75,0.31125128447104244
Molecular Hydrogen,41.5,0.3141864446746163
Molecular Hydrogen,42.25,0.3171216048781902
Molecular Hydrogen,43.0,0.32005676508176406
Molecular Hydrogen,43.75,0.32299192528533793
Molecular Hydrogen,44.5,0.3252762605480425
Molecular Hydrogen,45.25,0.3271267125168342
Molecular Hydrogen,46.0,0.3289771644856259
Molecular Hydrogen,46.75,0.3308276164544176
Molecular Hydrogen,47.5,0.33267806842320935
Molecular Hydrogen,48.25,0.33452852039200104
Molecular Hydrogen,49.0,0.3363789723607927
Molecular Hydrogen,49.75,0.33822942432958447
Molecular Hydrogen,50.5,0.3399468853159222
Molecular Hydrogen,51.25,0.340799904916309
Molecular Hydrogen,52.0,0.3416529245166959
Molecular Hydrogen,52.75,0.34250594411708274
Molecular Hydrogen,53.5,0.34335896371746955
Molecular Hydrogen,54.25,0.3442119833178564
Molecular Hydrogen,55.0,0.34506500291824327
Molecular Hydrogen,55.75,0.3459180225186301
Molecular Hydrogen,56.5,0.34677104211901694
Molecular Hydrogen,57.25,0.34731612058950007
Molecular Hydrogen,58.0,0.34770722849503133
Molecular Hydrogen,58.75,0.34809833640056265
Molecular Hydrogen,59.5,0.3484894443060939
Molecular Hydrogen,60.25,0.3488805522116252
Molecular Hydrogen,61.0,0.3492716601171565
Molecular Hydrogen,61.75,0.34966276802268775
Molecular Hydrogen,62.5,0.35005387592821907
Molecular Hydrogen,63.25,0.3503658381246153
Molecular Hydrogen,64.0,0.35036121748447147
Molecular Hydrogen,64.75,0.35035659684432763
Molecular Hydrogen,65.5,0.3503519762041838
Molecular Hydrogen,66.25,0.35034735556403995
Molecular Hydrogen,67.0,0.3503427349238961
Molecular Hydrogen,67.75,0.3503381142837523
Molecular Hydrogen,68.5,0.35033349364360844
Molecular Hydrogen,69.25,0.3503288730034646
Molecular Hydrogen,70.0,0.3503181101204722
Molecular Hydrogen,70.75,0.35030511369462575
Molecular Hydrogen,71.5,0.3502921172687793
Molecular Hydrogen,72.25,0.35027912084293283
Molecular Hydrogen,73.0,0.3502661244170863
Molecular Hydrogen,73.75,0.35025312799123987
Molecular Hydrogen,74.5,0.3502401315653934
Molecular Hydrogen,75.25,0.35022713513954695
Molecular Hydrogen,76.0,0.35012383051131596
Molecular Hydrogen,76.75,0.3497721783265273
Molecular Hydrogen,77.5,0.34942052614173863
Molecular Hydrogen,78.25,0.34906887395694997
Molecular Hydrogen,79.0,0.3487172217721613
Molecular Hydrogen,79.75,0.34836556958737264
Molecular Hydrogen,80.5,0.34801391740258397
Molecular Hydrogen,81.25,0.3476622652177953
Molecular Hydrogen,82.0,0.3473106130330067
Molecular Hydrogen,82.75,0.3469324698568892
Molecular Hydrogen,83.5,0.3465477039329395
Molecular Hydrogen,84.25,0.3461629380089898
Molecular Hydrogen,85.0,0.34577817208504014
Molecular Hydrogen,85.75,0.34539340616109043
Molecular Hydrogen,86.5,0.34500864023714073
Molecular Hydrogen,87.25,0.344623874313191
Molecular Hydrogen,88.0,0.3442391083892414
Molecular Hydrogen,88.75,0.34377192283894925
Molecular Hydrogen,89.5,0.3431398980359723
Molecular Hydrogen,90.25,0.3425078732329953
Molecular Hydrogen,91.0,0.34187584843001834
Molecular Hydrogen,91.75,0.3412438236270414
Molecular Hydrogen,92.5,0.34061179882406445
Molecular Hydrogen,93.25,0.3399797740210875
Molecular Hydrogen,94.0,0.3393477492181105
Molecular Hydrogen,94.75,0.33871572441513353
Molecular Hydrogen,95.5,0.3380642995010706
Molecular Hydrogen,96.25,0.33740988995453286
Molecular Hydrogen,97.0,0.33675548040799513
Molecular Hydrogen,97.75,0.3361010708614574
Molecular Hydrogen,98.5,0.3354466613149196
Molecular Hydrogen,99.25,0.3347922517683819
Molecular Hydrogen,100.0,0.3341378422218442
Molecular Nitrogen,25.0,0.22378184514627752
Molecular Nitrogen,25.75,0.24302642640003386
Molecular Nitrogen,26.5,0.2622710076537902
Molecular Nitrogen,27.25,0.2815155889075466
Molecular Nitrogen,28.0,0.3007601701613029
Molecular Nitrogen,28.75,0.32000475141505924
Molecular Nitrogen,29.5,0.33924933266881563
Molecular Nitrogen,30.25,0.3584939139225719
Molecular Nitrogen,31.0,0.3777384951763283
Molecular Nitrogen,31.75,0.3951020898900564
Molecular Nitrogen,32.5,0.4108198213812598
Molecular Nitrogen,33.25,0.42653755287246314
Molecular Nitrogen,34.0,0.4422552843636665
Molecular Nitrogen,34.75,0.4579730158548699
Molecular Nitrogen,35.5,0.47369074734607325
Molecular Nitrogen,36.25,0.4894084788372766
Molecular Nitrogen,37.0,0.5051262103284799
Molecular Nitrogen,37.75,0.5205734678366337
Molecular Nitrogen,38.5,0.5322340895820915
Molecular Nitrogen,39.25,0.5438947113275493
Molecular Nitrogen,40.0,0.5555553330730071
Molecular Nitrogen,40.75,0.5672159548184649
Molecular Nitrogen,41.5,0.5788765765639227
Molecular Nitrogen,42.25,0.5905371983093805
Molecular Nitrogen,43.0,0.6021978200548382
Molecular Nitrogen,43.75,0.613858441800296
Molecular Nitrogen,44.5,0.6237579342137397
Molecular Nitrogen,45.25,0.6324833404058406
Molecular Nitrogen,46.0,0.6412087465979416
Molecular Nitrogen,46.75,0.6499341527900426
Molecular Nitrogen,47.5,0.6586595589821436
Molecular Nitrogen,48.25,0.6673849651742445
Molecular Nitrogen,49.0,0.6761103713663454
Molecular Nitrogen,49.75,0.6848357775584464
Molecular Nitrogen,50.5,0.6933766334990145
Molecular Nitrogen,51.25,0.7007179128046187
Molecular Nitrogen,52.0,0.7080591921102228
Molecular Nitrogen,52.75,0.715400471415827
Molecular Nitrogen,53.5,0.7227417507214312
Molecular Nitrogen,54.25,0.7300830300270353
Molecular Nitrogen,55.0,0.7374243093326395
Molecular Nitrogen,55.75,0.7447655886382437
Molecular Nitrogen,56.5,0.7521068679438478
Molecular Nitrogen,57.25,0.7583019395443484
Molecular Nitrogen,58.0,0.7639239072922973
Molecular Nitrogen,58.75,0.7695458750402462
Molecular Nitrogen,59.5,0.775167842788195
Molecular Nitrogen,60.25,0.7807898105361438
Molecular Nitrogen,61.0,0.7864117782840926
Molecular Nitrogen,61.75,0.7920337460320415
Molecular Nitrogen,62.5,0.7976557137799902
Molecular Nitrogen,63.25,0.8029461937779044
Molecular Nitrogen,64.0,0.8069107227756802
Molecular Nitrogen,64.75,0.8108752517734561
Molecular Nitrogen,65.5,0.8148397807712319
Molecular Nitrogen,66.25,0.8188043097690076
Molecular Nitrogen,67.0,0.8227688387667834
Molecular Nitrogen,67.75,0.8267333677645592
Molecular Nitrogen,68.5,0.830697896762335
Molecular Nitrogen,69.25,0.8346624257601107
Molecular Nitrogen,70.0,0.8381522202675997
Molecular Nitrogen,70.75,0.8414693840513481
Molecular Nitrogen,71.5,0.8447865478350963
Molecular Nitrogen,72.25,0.8481037116188447
Molecular Nitrogen,73.0,0.8514208754025929
Molecular Nitrogen,73.75,0.8547380391863412
Molecular Nitrogen,74.5,0.8580552029700895
Molecular Nitrogen,75.25,0.8613723667538378
Molecular Nitrogen,76.0,0.8644481829392097
Molecular Nitrogen,76.75,0.8668602932290462
Molecular Nitrogen,77.5,0.8692724035188828
Molecular Nitrogen,78.25,0.8716845138087194
Molecular Nitrogen,79.0,0.8740966240985559
Molecular Nitrogen,79.75,0.8765087343883925
Molecular Nitrogen,80.5,0.8789208446782291
Molecular Nitrogen,81.25,0.8813329549680656
Molecular Nitrogen,82.0,0.8837450652579022
Molecular Nitrogen,82.75,0.8853171555855124
Molecular Nitrogen,83.5,0.886679240922566
Molecular Nitrogen,84.25,0.8880413262596196
Molecular Nitrogen,85.0,0.8894034115966732
Molecular Nitrogen,85.75,0.8907654969337269
Molecular Nitrogen,86.5,0.8921275822707804
Molecular Nitrogen,87.25,0.893489667607834
Molecular Nitrogen,88.0,0.8948517529448876
Molecular Nitrogen,88.75,0.8961933442598583
Molecular Nitrogen,89.5,0.8974939475306632
Molecular Nitrogen,90.25,0.8987945508014682
Molecular Nitrogen,91.0,0.9000951540722731
Molecular Nitrogen,91.75,0.9013957573430781
Molecular Nitrogen,92.5,0.902696360613883
Molecular Nitrogen,93.25,0.903996963884688
Molecular Nitrogen,94.0,0.9052975671554929
Molecular Nitrogen,94.75,0.9065981704262979
Molecular Nitrogen,95.5,0.9073026407681739
Molecular Nitrogen,96.25,0.9079153983517531
Molecular Nitrogen,97.0,0.9085281559353323
Molecular Nitrogen,97.75,0.9091409135189116
Molecular Nitrogen,98.5,0.9097536711024907
Molecular Nitrogen,99.25,0.91036642868607
Molecular Nitrogen,100.0,0.9109791862696491
Carbon Monoxide,25.0,0.30868409720388573
Carbon Monoxide,25.75,0.32883675739929774
Carbon Monoxide,26.5,0.34898941759470975
Carbon Monoxide,27.25,0.36914207779012176
Carbon Monoxide,28.0,0.38929473798553377
Carbon Monoxide,28.75,0.4094473981809458
Carbon Monoxide,29.5,0.42960005837635773
Carbon Monoxide,30.25,0.4497527185717698
Carbon Monoxide,31.0,0.46990537876718175
Carbon Monoxide,31.75,0.4873828998432129
Carbon Monoxide,32.5,0.5025196741897858
Carbon Monoxide,33.25,0.5176564485363587
Carbon Monoxide,34.0,0.5327932228829316
Carbon Monoxide,34.75,0.5479299972295044
Carbon Monoxide,35.5,0.5630667715760773
Carbon Monoxide,36.25,0.5782035459226502
Carbon Monoxide,37.0,0.5933403202692231
Carbon Monoxide,37.75,0.608164309466413
Carbon Monoxide,38.5,0.6186093065722404
Carbon Monoxide,39.25,0.6290543036780678
Carbon Monoxide,40.0,0.6394993007838952
Carbon Monoxide,40.75,0.6499442978897225
Carbon Monoxide,41.5,0.66038929499555
Carbon Monoxide,42.25,0.6708342921013773
Carbon Monoxide,43.0,0.6812792892072047
Carbon Monoxide,43.75,0.6917242863130321
Carbon Monoxide,44.5,0.7008254815188434
Carbon Monoxide,45.25,0.7090308087913105
Carbon Monoxide,46.0,0.7172361360637777
Carbon Monoxide,46.75,0.7254414633362448
Carbon Monoxide,47.5,0.733646790608712
Carbon Monoxide,48.25,0.7418521178811791
Carbon Monoxide,49.0,0.7500574451536463
Carbon Monoxide,49.75,0.7582627724261134
Carbon Monoxide,50.5,0.7662760548698886
Carbon Monoxide,51.25,0.7730410459271655
Carbon Monoxide,52.0,0.7798060369844425
Carbon Monoxide,52.75,0.7865710280417195
Carbon Monoxide,53.5,0.7933360190989965
Carbon Monoxide,54.25,0.8001010101562734
Carbon Monoxide,55.0,0.8068660012135505
Carbon Monoxide,55.75,0.8136309922708275
Carbon Monoxide,56.5,0.8203959833281044
Carbon Monoxide,57.25,0.8257360935845391
Carbon Monoxide,58.0,0.8303637634405526
Carbon Monoxide,58.75,0.8349914332965662
Carbon Monoxide,59.5,0.8396191031525798
Carbon Monoxide,60.25,0.8442467730085933
Carbon Monoxide,61.0,0.8488744428646069
Carbon Monoxide,61.75,0.8535021127206205
Carbon Monoxide,62.5,0.858129782576634
Carbon Monoxide,63.25,0.862646374480983
Carbon Monoxide,64.0,0.8667186545786741
Carbon Monoxide,64.75,0.8707909346763651
Carbon Monoxide,65.5,0.8748632147740563
Carbon Monoxide,66.25,0.8789354948717474
Carbon Monoxide,67.0,0.8830077749694384
Carbon Monoxide,67.75,0.8870800550671295
Carbon Monoxide,68.5,0.8911523351648205
Carbon Monoxide,69.25,0.8952246152625116
Carbon Monoxide,70.0,0.8979633398226493
Carbon Monoxide,70.75,0.9002171350964041
Carbon Monoxide,71.5,0.9024709303701588
Carbon Monoxide,72.25,0.9047247256439135
Carbon Monoxide,73.0,0.9069785209176683
Carbon Monoxide,73.75,0.909232316191423
Carbon Monoxide,74.5,0.9114861114651778
Carbon Monoxide,75.25,0.9137399067389325
Carbon Monoxide,76.0,0.9160609160615185
Carbon Monoxide,76.75,0.9185667640183905
Carbon Monoxide,77.5,0.9210726119752627
Carbon Monoxide,78.25,0.9235784599321347
Carbon Monoxide,79.0,0.9260843078890069
Carbon Monoxide,79.75,0.9285901558458789
Carbon Monoxide,80.5,0.9310960038027509
Carbon Monoxide,81.25,0.9336018517596231
Carbon Monoxide,82.0,0.9361076997164951
Carbon Monoxide,82.75,0.9373249850345425
Carbon Monoxide,83.5,0.9382201296928836
Carbon Monoxide,84.25,0.9391152743512248
Carbon Monoxide,85.0,0.940010419009566
Carbon Monoxide,85.75,0.9409055636679071
Carbon Monoxide,86.5,0.9418007083262483
Carbon Monoxide,87.25,0.9426958529845894
Carbon Monoxide,88.0,0.9435909976429305
Carbon Monoxide,88.75,0.9444922608981879
Carbon Monoxide,89.5,0.9454057613472779
Carbon Monoxide,90.25,0.9463192617963679
Carbon Monoxide,91.0,0.9472327622454579
Carbon Monoxide,91.75,0.9481462626945479
Carbon Monoxide,92.5,0.9490597631436379
Carbon Monoxide,93.25,0.9499732635927279
Carbon Monoxide,94.0,0.9508867640418179
Carbon Monoxide,94.75,0.951800264490908
Carbon Monoxide,95.5,0.9524814809276879
Carbon Monoxide,96.25,0.9531269613625741
Carbon Monoxide,97.0,0.9537724417974602
Carbon Monoxide,97.75,0.9544179222323463
Carbon Monoxide,98.5,0.9550634026672326
Carbon Monoxide,99.25,0.9557088831021187
Carbon Monoxide,100.0,0.9563543635370048
Nitric Oxide,25.0,0.42702051488461334
Nitric Oxide,25.75,0.44573704744007625
Nitric Oxide,26.5,0.46445357999553916
Nitric Oxide,27.25,0.48317011255100206
Nitric Oxide,28.0,0.501886645106465
Nitric Oxide,28.75,0.5206031776619279
Nitric Oxide,29.5,0.5393197102173908
Nitric Oxide,30.25,0.5580362427728537
Nitric Oxide,31.0,0.5767527753283166
Nitric Oxide,31.75,0.5935154112496385
Nitric Oxide,32.5,0.608568387616087
Nitric Oxide,33.25,0.6236213639825356
Nitric Oxide,34.0,0.6386743403489842
Nitric Oxide,34.75,0.6537273167154327
Nitric Oxide,35.5,0.6687802930818812
Nitric Oxide,36.25,0.6838332694483298
Nitric Oxide,37.0,0.6988862458147783
Nitric Oxide,37.75,0.7137666992612609
Nitric Oxide,38.5,0.7262318318282199
Nitric Oxide,39.25,0.738696964395179
Nitric Oxide,40.0,0.751162096962138
Nitric Oxide,40.75,0.7636272295290969
Nitric Oxide,41.5,0.7760923620960559
Nitric Oxide,42.25,0.788557494663015
Nitric Oxide,43.0,0.8010226272299739
Nitric Oxide,43.75,0.8134877597969329
Nitric Oxide,44.5,0.8242465853666697
Nitric Oxide,45.25,0.8338678729382584
Nitric Oxide,46.0,0.8434891605098471
Nitric Oxide,46.75,0.8531104480814358
Nitric Oxide,47.5,0.8627317356530245
Nitric Oxide,48.25,0.8723530232246132
Nitric Oxide,49.0,0.8819743107962019
Nitric Oxide,49.75,0.8915955983677906
Nitric Oxide,50.5,0.9008602238810792
Nitric Oxide,51.25,0.9078065460154173
Nitric Oxide,52.0,0.9147528681497555
Nitric Oxide,52.75,0.9216991902840938
Nitric Oxide,53.5,0.9286455124184319
Nitric Oxide,54.25,0.9355918345527701
Nitric Oxide,55.0,0.9425381566871083
Nitric Oxide,55.75,0.9494844788214464
Nitric Oxide,56.5,0.9564308009557846
Nitric Oxide,57.25,0.9625991146635051
Nitric Oxide,58.0,0.9683784241579168
Nitric Oxide,58.75,0.9741577336523283
Nitric Oxide,59.5,0.9799370431467399
Nitric Oxide,60.25,0.9857163526411515
Nitric Oxide,61.0,0.9914956621355632
Nitric Oxide,61.75,0.9972749716299748
Nitric Oxide,62.5,1.0030542811243863
Nitric Oxide,63.25,1.0086311253190676
Nitric Oxide,64.0,1.0133981083148271
Nitric Oxide,64.75,1.0181650913105866
Nitric Oxide,65.5,1.0229320743063464
Nitric Oxide,66.25,1.0276990573021059
Nitric Oxide,67.0,1.0324660402978654
Nitric Oxide,67.75,1.0372330232936249
Nitric Oxide,68.5,1.0420000062893846
Nitric Oxide,69.25,1.0467669892851441
Nitric Oxide,70.0,1.0505657839731708
Nitric Oxide,70.75,1.0540125101856583
Nitric Oxide,71.5,1.0574592363981459
Nitric Oxide,72.25,1.0609059626106336
Nitric Oxide,73.0,1.0643526888231212
Nitric Oxide,73.75,1.0677994150356087
Nitric Oxide,74.5,1.0712461412480963
Nitric Oxide,75.25,1.0746928674605838
Nitric Oxide,76.0,1.0780257824844248
Nitric Oxide,76.75,1.081045716739488
Nitric Oxide,77.5,1.0840656509945512
Nitric Oxide,78.25,1.0870855852496144
Nitric Oxide,79.0,1.0901055195046776
Nitric Oxide,79.75,1.0931254537597408
Nitric Oxide,80.5,1.096145388014804
Nitric Oxide,81.25,1.0991653222698672
Nitric Oxide,82.0,1.1021852565249304
Nitric Oxide,82.75,1.1044899566089623
Nitric Oxide,83.5,1.1066158481502368
Nitric Oxide,84.25,1.1087417396915111
Nitric Oxide,85.0,1.1108676312327854
Nitric Oxide,85.75,1.1129935227740597
Nitric Oxide,86.5,1.115119414315334
Nitric Oxide,87.25,1.1172453058566083
Nitric Oxide,88.0,1.1193711973978826
Nitric Oxide,88.75,1.1212503362860822
Nitric Oxide,89.5,1.122635969868132
Nitric Oxide,90.25,1.1240216034501822
Nitric Oxide,91.0,1.125407237032232
Nitric Oxide,91.75,1.126792870614282
Nitric Oxide,92.5,1.1281785041963321
Nitric Oxide,93.25,1.129564137778382
Nitric Oxide,94.0,1.130949771360432
Nitric Oxide,94.75,1.1323354049424819
Nitric Oxide,95.5,1.1329286547987467
Nitric Oxide,96.25,1.1333999994664294
Nitric Oxide,97.0,1.133871344134112
Nitric Oxide,97.75,1.1343426888017945
Nitric Oxide,98.5,1.134814033469477
Nitric Oxide,99.25,1.1352853781371597
Nitric Oxide,100.0,1.1357567228048422
Molecular Oxygen,25.0,0.2101003364455855
Molecular Oxygen,25.75,0.22664536529994472
Molecular Oxygen,26.5,0.24319039415430396
Molecular Oxygen,27.25,0.25973542300866315
Molecular Oxygen,28.0,0.2762804518630224
Molecular Oxygen,28.75,0.2928254807173816
Molecular Oxygen,29.5,0.30937050957174084
Molecular Oxygen,30.25,0.32591553842610005
Molecular Oxygen,31.0,0.34246056728045926
Molecular Oxygen,31.75,0.3586888528848799
Molecular Oxygen,32.5,0.3746399881456043
Molecular Oxygen,33.25,0.3905911234063286
Molecular Oxygen,34.0,0.40654225866705296
Molecular Oxygen,34.75,0.42249339392777735
Molecular Oxygen,35.5,0.4384445291885017
Molecular Oxygen,36.25,0.4543956644492261
Molecular Oxygen,37.0,0.4703467997099504
Molecular Oxygen,37.75,0.48609559003928915
Molecular Oxygen,38.5,0.4990115513292296
Molecular Oxygen,39.25,0.51192751261917
Molecular Oxygen,40.0,0.5248434739091103
Molecular Oxygen,40.75,0.5377594351990508
Molecular Oxygen,41.5,0.5506753964889912
Molecular Oxygen,42.25,0.5635913577789315
Molecular Oxygen,43.0,0.576507319068872
Molecular Oxygen,43.75,0.5894232803588124
Molecular Oxygen,44.5,0.6008409977957766
Molecular Oxygen,45.25,0.6112598859974235
Molecular Oxygen,46.0,0.6216787741990704
Molecular Oxygen,46.75,0.6320976624007173
Molecular Oxygen,47.5,0.6425165506023641
Molecular Oxygen,48.25,0.6529354388040111
Molecular Oxygen,49.0,0.6633543270056579
Molecular Oxygen,49.75,0.6737732152073048
Molecular Oxygen,50.5,0.6837744953363236
Molecular Oxygen,51.25,0.6910613229932604
Molecular Oxygen,52.0,0.6983481506501972
Molecular Oxygen,52.75,0.7056349783071338
Molecular Oxygen,53.5,0.7129218059640706
Molecular Oxygen,54.25,0.7202086336210074
Molecular Oxygen,55.0,0.7274954612779441
Molecular Oxygen,55.75,0.7347822889348808
Molecular Oxygen,56.5,0.7420691165918175
Molecular Oxygen,57.25,0.7491736188002037
Molecular Oxygen,58.0,0.7561869582843146
Molecular Oxygen,58.75,0.7632002977684255
Molecular Oxygen,59.5,0.7702136372525363
Molecular Oxygen,60.25,0.7772269767366472
Molecular Oxygen,61.0,0.7842403162207581
Molecular Oxygen,61.75,0.7912536557048689
Molecular Oxygen,62.5,0.7982669951889798
Molecular Oxygen,63.25,0.8050652815095801
Molecular Oxygen,64.0,0.8110033551761381
Molecular Oxygen,64.75,0.8169414288426962
Molecular Oxygen,65.5,0.8228795025092541
Molecular Oxygen,66.25,0.8288175761758121
Molecular Oxygen,67.0,0.83475564984237
Molecular Oxygen,67.75,0.8406937235089281
Molecular Oxygen,68.5,0.8466317971754861
Molecular Oxygen,69.25,0.852569870842044
Molecular Oxygen,70.0,0.8572105646270323
Molecular Oxygen,70.75,0.8613794839096314
Molecular Oxygen,71.5,0.8655484031922305
Molecular Oxygen,72.25,0.8697173224748297
Molecular Oxygen,73.0,0.8738862417574288
Molecular Oxygen,73.75,0.8780551610400279
Molecular Oxygen,74.5,0.8822240803226271
Molecular Oxygen,75.25,0.8863929996052262
Molecular Oxygen,76.0,0.8902420474428037
Molecular Oxygen,76.75,0.8932114488065714
Molecular Oxygen,77.5,0.8961808501703392
Molecular Oxygen,78.25,0.899150251534107
Molecular Oxygen,79.0,0.9021196528978748
Molecular Oxygen,79.75,0.9050890542616425
Molecular Oxygen,80.5,0.9080584556254103
Molecular Oxygen,81.25,0.9110278569891782
Molecular Oxygen,82.0,0.913997258352946
Molecular Oxygen,82.75,0.9171129455219682
Molecular Oxygen,83.5,0.9202652041423042
Molecular Oxygen,84.25,0.9234174627626401
Molecular Oxygen,85.0,0.9265697213829761
Molecular Oxygen,85.75,0.9297219800033121
Molecular Oxygen,86.5,0.932874238623648
Molecular Oxygen,87.25,0.936026497243984
Molecular Oxygen,88.0,0.93917875586432
Molecular Oxygen,88.75,0.9419517622252453
Molecular Oxygen,89.5,0.9439662640673494
Molecular Oxygen,90.25,0.9459807659094536
Molecular Oxygen,91.0,0.9479952677515577
Molecular Oxygen,91.75,0.9500097695936619
Molecular Oxygen,92.5,0.9520242714357661
Molecular Oxygen,93.25,0.9540387732778702
Molecular Oxygen,94.0,0.9560532751199744
Molecular Oxygen,94.75,0.9580677769620785
Molecular Oxygen,95.5,0.9593368958847726
Molecular Oxygen,96.25,0.9604913405121728
Molecular Oxygen,97.0,0.961645785139573
Molecular Oxygen,97.75,0.9628002297669732
Molecular Oxygen,98.5,0.9639546743943733
Molecular Oxygen,99.25,0.9651091190217735
Molecular Oxygen,100.0,0.9662635636491738
Methanol,25.0,9.881194276064168
Methanol,25.75,10.270912270416787
Methanol,26.5,10.628845257607788
Methanol,27.25,10.986778244798787
Methanol,28.0,11.344711231989784
Methanol,28.75,11.702644219180785
Methanol,29.5,12.057726024932062
Methanol,30.25,12.372891290527223
Methanol,31.0,12.63008480934881
Methanol,31.75,12.883137489115144
Methanol,32.5,13.13619016888148
Methanol,33.25,13.389242848647815
Methanol,34.0,13.642295528414149
Methanol,34.75,13.882057440220851
Methanol,35.5,14.07956229891043
Methanol,36.25,14.239968789617079
Methanol,37.0,14.400375280323729
Methanol,37.75,14.560781771030378
Methanol,38.5,14.721188261737026
Methanol,39.25,14.881594752443675
Methanol,40.0,15.027198080063778
Methanol,40.75,15.151091615483832
Methanol,41.5,15.265401367844461
Methanol,42.25,15.379711120205087
Methanol,43.0,15.494020872565718
Methanol,43.75,15.608330624926348
Methanol,44.5,15.722640377286975
Methanol,45.25,15.811749030553468
Methanol,46.0,15.883166411249467
Methanol,46.75,15.950129409299969
Methanol,47.5,16.017092407350468
Methanol,48.25,16.08405540540097
Methanol,49.0,16.15101840345147
Methanol,49.75,16.217981401501973
Methanol,50.5,16.268255885934217
Methanol,51.25,16.313045526590965
Methanol,52.0,16.35677430174157
Methanol,52.75,16.400503076892175
Methanol,53.5,16.44423185204278
Methanol,54.25,16.48796062719338
Methanol,55.0,16.530446700185056
Methanol,55.75,16.555534942951766
Methanol,56.5,16.579879156028316
Methanol,57.25,16.60417022412699
Methanol,58.0,16.628461292225666
Methanol,58.75,16.652752360324342
Methanol,59.5,16.67657128090597
Methanol,60.25,16.695450436648063
Methanol,61.0,16.702692847589223
Methanol,61.75,16.709935258530386
Methanol,62.5,16.71717766947155
Methanol,63.25,16.72442008041271
Methanol,64.0,16.73166249135387
Methanol,64.75,16.737122013909215
Methanol,65.5,16.73743265948122
Methanol,66.25,16.733217265366235
Methanol,67.0,16.729001871251253
Methanol,67.75,16.724786477136266
Methanol,68.5,16.720571083021287
Methanol,69.25,16.716355688906297
Methanol,70.0,16.710566410400236
Methanol,70.75,16.70083311425278
Methanol,71.5,16.68932454483351
Methanol,72.25,16.67781597541424
Methanol,73.0,16.666307405994974
Methanol,73.75,16.654798836575704
Methanol,74.5,16.643290267156434
Methanol,75.25,16.630593700788957
Methanol,76.0,16.61647496611797
Methanol,76.75,16.602137436323364
Methanol,77.5,16.587799906528762
Methanol,78.25,16.573462376734156
Methanol,79.0,16.559124846939554
Methanol,79.75,16.546601519077765
Methanol,80.5,16.541829499136195
Methanol,81.25,16.543980481839924
Methanol,82.0,16.546131464543652
Methanol,82.75,16.54828244724738
Methanol,83.5,16.55043342995111
Methanol,84.25,16.552584412654838
Methanol,85.0,16.558125063171367
Methanol,85.75,16.56981191665183
Methanol,86.5,16.584418448555287
Methanol,87.25,16.599024980458747
Methanol,88.0,16.613631512362208
Methanol,88.75,16.628238044265665
Methanol,89.5,16.64284457616912
Methanol,90.25,16.648370439484413
Methanol,91.0,16.643710243318907
Methanol,91.75,16.634327440956806
Methanol,92.5,16.62494463859471
Methanol,93.25,16.615561836232608
Methanol,94.0,16.60617903387051
Methanol,94.75,16.59679623150841
Methanol,95.5,16.578214784306525
Methanol,96.25,16.555429675660548
Methanol,97.0,16.531692566897505
Methanol,97.75,16.507955458134457
Methanol,98.5,16.484218349371414
Methanol,99.25,16.46048124060837
Methanol,100.0,16.436744131845327
Ethanol,25.0,14.728665516832052
Ethanol,25.75,15.318904428535332
Ethanol,26.5,15.85452921931239
Ethanol,27.25,16.39015401008945
Ethanol,28.0,16.92577880086651
Ethanol,28.75,17.46140359164357
Ethanol,29.5,17.993394530392127
Ethanol,30.25,18.47451154074168
Ethanol,31.0,18.84355561409286
Ethanol,31.75,19.204594477658443
Ethanol,32.5,19.56563334122403
Ethanol,33.25,19.92667220478961
Ethanol,34.0,20.287711068355193
Ethanol,34.75,20.63093901281555
Ethanol,35.5,20.917013645956896
Ethanol,36.25,21.14996193453058
Ethanol,37.0,21.38291022310427
Ethanol,37.75,21.615858511677953
Ethanol,38.5,21.84880680025164
Ethanol,39.25,22.081755088825325
Ethanol,40.0,22.286184127882816
Ethanol,40.75,22.44784040271176
Ethanol,41.5,22.589138005120617
Ethanol,42.25,22.730435607529472
Ethanol,43.0,22.871733209938334
Ethanol,43.75,23.01303081234719
Ethanol,44.5,23.15432841475605
Ethanol,45.25,23.265189112726773
Ethanol,46.0,23.351688269209443
Ethanol,46.75,23.430187222581758
Ethanol,47.5,23.50868617595407
Ethanol,48.25,23.587185129326386
Ethanol,49.0,23.6656840826987
Ethanol,49.75,23.744183036071014
Ethanol,50.5,23.806811618225673
Ethanol,51.25,23.86381800761116
Ethanol,52.0,23.919667816197652
Ethanol,52.75,23.975517624784146
Ethanol,53.5,24.031367433370637
Ethanol,54.25,24.08699490647862
Ethanol,55.0,24.139907992059925
Ethanol,55.75,24.16727043906441
Ethanol,56.5,24.194632886068895
Ethanol,57.25,24.22199533307338
Ethanol,58.0,24.249357780077865
Ethanol,58.75,24.27672022708235
Ethanol,59.5,24.303950489801558
Ethanol,60.25,24.324812919056313
Ethanol,61.0,24.328709066460586
Ethanol,61.75,24.33260521386486
Ethanol,62.5,24.336501361269136
Ethanol,63.25,24.340397508673405
Ethanol,64.0,24.34429365607768
Ethanol,64.75,24.34650320112343
Ethanol,65.5,24.34353683926795
Ethanol,66.25,24.335940185608038
Ethanol,67.0,24.32834353194813
Ethanol,67.75,24.320746878288215
Ethanol,68.5,24.313150224628306
Ethanol,69.25,24.305553570968392
Ethanol,70.0,24.29693353340291
Ethanol,70.75,24.286295212790094
Ethanol,71.5,24.27477567364181
Ethanol,72.25,24.263256134493524
Ethanol,73.0,24.25173659534524
Ethanol,73.75,24.240217056196954
Ethanol,74.5,24.228697517048666
Ethanol,75.25,24.210583952628955
Ethanol,76.0,24.18606363847713
Ethanol,76.75,24.16055767052036
Ethanol,77.5,24.135051702563597
Ethanol,78.25,24.109545734606833
Ethanol,79.0,24.084039766650065
Ethanol,79.75,24.058857296496452
Ethanol,80.5,24.03504205510629
Ethanol,81.25,24.01225213942806
Ethanol,82.0,23.98946222374983
Ethanol,82.75,23.966672308071594
Ethanol,83.5,23.94388239239336
Ethanol,84.25,23.92109247671512
Ethanol,85.0,23.895933056511435
Ethanol,85.75,23.86646579250678
Ethanol,86.5,23.834926164216963
Ethanol,87.25,23.803386535927146
Ethanol,88.0,23.77184690763733
Ethanol,88.75,23.74030727934751
Ethanol,89.5,23.70876765105769
Ethanol,90.25,23.67532674680827
Ethanol,91.0,23.640091231371084
Ethanol,91.75,23.60425332292662
Ethanol,92.5,23.56841541448216
Ethanol,93.25,23.5325775060377
Ethanol,94.0,23.496739597593237
Ethanol,94.75,23.460901689148777
Ethanol,95.5,23.417644036600628
Ethanol,96.25,23.371708900193152
Ethanol,97.0,23.325362489868972
Ethanol,97.75,23.279016079544792
Ethanol,98.5,23.232669669220613
Ethanol,99.25,23.186323258896433
Ethanol,100.0,23.139976848572253
Water,25.0,2.220509010342682
Water,25.75,2.405378838389673
Water,26.5,2.590248666436664
Water,27.25,2.775118494483655
Water,28.0,2.959988322530646
Water,28.75,3.1448581505776367
Water,29.5,3.3297279786246277
Water,30.25,3.5145978066716186
Water,31.0,3.6994676347186095
Water,31.75,3.8551697972496024
Water,32.5,3.985350252454097
Water,33.25,4.115530707658592
Water,34.0,4.245711162863087
Water,34.75,4.375891618067581
Water,35.5,4.506072073272076
Water,36.25,4.63625252847657
Water,37.0,4.766432983681065
Water,37.75,4.894303484230833
Water,38.5,4.989834619614426
Water,39.25,5.085365754998018
Water,40.0,5.180896890381611
Water,40.75,5.276428025765203
Water,41.5,5.371959161148796
Water,42.25,5.467490296532389
Water,43.0,5.563021431915981
Water,43.75,5.658552567299575
Water,44.5,5.740407792055085
Water,45.25,5.813145743058541
Water,46.0,5.885883694061998
Water,46.75,5.958621645065454
Water,47.5,6.031359596068911
Water,48.25,6.104097547072367
Water,49.0,6.176835498075824
Water,49.75,6.24957344907928
Water,50.5,6.317331099508193
Water,51.25,6.352716796202568
Water,52.0,6.388102492896943
Water,52.75,6.423488189591318
Water,53.5,6.458873886285693
Water,54.25,6.494259582980068
Water,55.0,6.529645279674443
Water,55.75,6.565030976368819
Water,56.5,6.600416673063194
Water,57.25,6.631126947485319
Water,58.0,6.659499510771319
Water,58.75,6.687872074057319
Water,59.5,6.716244637343319
Water,60.25,6.744617200629319
Water,61.0,6.772989763915319
Water,61.75,6.8013623272013195
Water,62.5,6.82973489048732
Water,63.25,6.85616769840002
Water,64.0,6.874841484819519
Water,64.75,6.893515271239019
Water,65.5,6.9121890576585185
Water,66.25,6.930862844078018
Water,67.0,6.9495366304975175
Water,67.75,6.9682104169170165
Water,68.5,6.986884203336516
Water,69.25,7.005557989756015
Water,70.0,7.024231776175515
Water,70.75,7.042905562595014
Water,71.5,7.061579349014514
Water,72.25,7.080253135434013
Water,73.0,7.098926921853512
Water,73.75,7.117600708273012
Water,74.5,7.136274494692511
Water,75.25,7.154948281112011
Water,76.0,7.172308677194021
Water,76.75,7.186057249847939
Water,77.5,7.1998058225018555
Water,78.25,7.213554395155772
Water,79.0,7.227302967809689
Water,79.75,7.241051540463606
Water,80.5,7.254800113117523
Water,81.25,7.26854868577144
Water,82.0,7.2822972584253565
Water,82.75,7.286494666859007
Water,83.5,7.288304284237591
Water,84.25,7.290113901616175
Water,85.0,7.291923518994759
Water,85.75,7.293733136373343
Water,86.5,7.295542753751927
Water,87.25,7.297352371130511
Water,88.0,7.299161988509095
Water,88.75,7.300971605887678
Water,89.5,7.302781223266263
Water,90.25,7.304590840644846
Water,91.0,7.30640045802343
Water,91.75,7.308210075402014
Water,92.5,7.310019692780598
Water,93.25,7.311829310159182
Water,94.0,7.313638927537766
Water,94.75,7.315448544916349
Water,95.5,7.316341125886369
Water,96.25,7.317092624331995
Water,97.0,7.31784412277762
Water,97.75,7.3185956212232455
Water,98.5,7.319347119668871
Water,99.25,7.320098618114497
Water,100.0,7.3208501165601225
